{
 "metric_version": "raster_v0.2",
 "raster_v1": 0.21354938502214682,
 "raster": 0.42219854569621196,
 "visual": 0.6800400427154728,
 "overall": 0.777038884652424,
 "pages": [
  {
   "ink_f1": 0.6498491232296505,
   "edge_score": 0.2593774667587026,
   "mean_edge_distance_px": 13.494708776473999,
   "score": 0.5327076262883661,
   "page": 1
  },
  {
   "ink_f1": 0.4107068160122831,
   "edge_score": 0.0806489796515323,
   "mean_edge_distance_px": 25.176491260528564,
   "score": 0.3116894651040578,
   "page": 2
  }
 ]
}