{
  "sample_id": "06_tables_moderate_010",
  "mode": "visual",
  "model": "opus",
  "method": "claude opus agentic (visual, effort high)",
  "claude_exit": 0,
  "cost_usd": 2.934045749999999,
  "num_turns": 56,
  "duration_s": 527,
  "is_error": false,
  "tool_calls": 55,
  "score_runs": 17,
  "baseline_overall": 0.3086678382041997,
  "final": {
    "compiled": true,
    "overall": 0.6803292804454965,
    "visual": 0.55427968769381,
    "content": 0.9953748782862707,
    "pagination": 1.0,
    "layout": 0.7607123540190323,
    "typography": 0.9161284955170932,
    "raster": 0.21354938502214682,
    "pages": "2/2",
    "review_flags": [
      "content_visual_disagreement",
      "raster_layout_disagreement"
    ]
  }
}
