{
 "metric_version": "raster_v0.2",
 "raster_v1": 0.12143303004128825,
 "raster": 0.2722514849205609,
 "visual": 0.5829050964071972,
 "overall": 0.6832146061551487,
 "pages": [
  {
   "ink_f1": 0.12454126459446188,
   "edge_score": 0.006160171097105144,
   "mean_edge_distance_px": 50.896507263183594,
   "score": 0.08902693654525486,
   "page": 1
  },
  {
   "ink_f1": 0.45405523519056823,
   "edge_score": 0.3029043672670339,
   "mean_edge_distance_px": 11.943381428718567,
   "score": 0.4087099748135079,
   "page": 2
  },
  {
   "ink_f1": 0.3642580856691663,
   "edge_score": 0.21345627811501222,
   "mean_edge_distance_px": 15.443232536315918,
   "score": 0.31901754340292005,
   "page": 3
  }
 ]
}