{
  "sample_id": "05_tables_simple_023",
  "mode": "novisual",
  "model": "sonnet",
  "method": "claude sonnet agentic (novisual, effort low)",
  "claude_exit": 0,
  "cost_usd": 2.7053695000000006,
  "num_turns": 93,
  "duration_s": 941,
  "is_error": false,
  "tool_calls": 92,
  "score_runs": 38,
  "baseline_overall": 0.3160506144901656,
  "final": {
    "compiled": true,
    "overall": 0.583691843373877,
    "visual": 0.4575176204932888,
    "content": 0.9175387087506194,
    "pagination": 1.0,
    "layout": 0.7310707394590987,
    "typography": 0.8863700488037699,
    "raster": 0.12143303004128825,
    "pages": "3/3",
    "review_flags": [
      "content_visual_disagreement",
      "raster_layout_disagreement"
    ]
  }
}
