{
 "metric_version": "raster_v0.2",
 "raster_v1": 0.29316732789856925,
 "raster": 0.5775825515683259,
 "visual": 0.7496487693975277,
 "overall": 0.8288074242742816,
 "pages": [
  {
   "ink_f1": 0.6763307384234367,
   "edge_score": 0.541540281415509,
   "mean_edge_distance_px": 6.133378267288208,
   "score": 0.6358936013210583,
   "page": 1
  },
  {
   "ink_f1": 0.6763015071798566,
   "edge_score": 0.15286815596564693,
   "mean_edge_distance_px": 18.781794548034668,
   "score": 0.5192715018155937,
   "page": 2
  }
 ]
}