{
 "metric_version": "raster_v0.2",
 "raster_v1": 0.2123610446063445,
 "raster": 0.47763705963031783,
 "visual": 0.7512128100418596,
 "overall": 0.8194050485538027,
 "pages": [
  {
   "ink_f1": 0.5114119539389945,
   "edge_score": 0.39882897291007235,
   "mean_edge_distance_px": 9.192225933074951,
   "score": 0.47763705963031783,
   "page": 1
  }
 ]
}