{
 "metric_version": "raster_v0.2",
 "raster_v1": 0.08577994085558338,
 "raster": 0.17070072867105357,
 "visual": 0.4815229352962786,
 "overall": 0.5645418792890262,
 "pages": [
  {
   "ink_f1": 0.267131733036473,
   "edge_score": 0.17050738176523272,
   "mean_edge_distance_px": 17.689766883850098,
   "score": 0.23814442765510088,
   "page": 1
  },
  {
   "ink_f1": 0.14311494233406818,
   "edge_score": 0.010255233510528552,
   "mean_edge_distance_px": 45.7996711730957,
   "score": 0.10325702968700629,
   "page": 2
  }
 ]
}