{
 "metric_version": "raster_v0.2",
 "raster_v1": 0.20236899607370268,
 "raster": 0.389039172692811,
 "visual": 0.5943219431444354,
 "overall": 0.7127056293280741,
 "pages": [
  {
   "ink_f1": 0.6309380861732093,
   "edge_score": 0.14756517501255798,
   "mean_edge_distance_px": 19.13485336303711,
   "score": 0.4859262128250139,
   "page": 1
  },
  {
   "ink_f1": 0.4173076164845942,
   "edge_score": 0.00012267007130737116,
   "mean_edge_distance_px": 90.06012153625488,
   "score": 0.2921521325606081,
   "page": 2
  }
 ]
}