{
 "metric_version": "raster_v0.2",
 "raster_v1": 0.1510528902880344,
 "raster": 0.3108594223403444,
 "visual": 0.6259970654392417,
 "overall": 0.7327664345124203,
 "pages": [
  {
   "ink_f1": 0.1624634473338413,
   "edge_score": 0.015250153033937114,
   "mean_edge_distance_px": 41.83165740966797,
   "score": 0.11829945904387004,
   "page": 1
  },
  {
   "ink_f1": 0.5089032460879329,
   "edge_score": 0.48727260154062835,
   "mean_edge_distance_px": 7.189315557479858,
   "score": 0.5024140527237415,
   "page": 2
  },
  {
   "ink_f1": 0.37036484892437255,
   "edge_score": 0.17536453668786972,
   "mean_edge_distance_px": 17.408884048461914,
   "score": 0.3118647552534217,
   "page": 3
  }
 ]
}