{
  "sample_id": "05_tables_simple_023",
  "mode": "visual",
  "model": "opus",
  "method": "claude opus agentic (visual, effort medium) [v2]",
  "claude_exit": 0,
  "cost_usd": 2.83124825,
  "num_turns": 58,
  "duration_s": 487,
  "is_error": false,
  "tool_calls": 57,
  "score_runs": 18,
  "baseline_overall": 0.3160506144901656,
  "final": {
    "compiled": true,
    "overall": 0.6365693782899444,
    "visual": 0.5041291364886528,
    "content": 0.9817064422019226,
    "pagination": 1.0,
    "layout": 0.8170177439533098,
    "typography": 0.8309070730799674,
    "raster": 0.1510528902880344,
    "pages": "3/3",
    "review_flags": [
      "content_visual_disagreement",
      "raster_layout_disagreement"
    ]
  }
}
