{
 "metric_version": "raster_v0.2",
 "raster_v1": 0.07968857925438981,
 "raster": 0.1475416649481278,
 "visual": 0.3068343285506135,
 "overall": 0.4391061185672965,
 "pages": [
  {
   "ink_f1": 0.056150302402297896,
   "edge_score": 7.288500011163171e-07,
   "mean_edge_distance_px": 141.31797885894775,
   "score": 0.03930543033660886,
   "page": 1
  },
  {
   "ink_f1": 0.3119158651771681,
   "edge_score": 0.12358770128355562,
   "mean_edge_distance_px": 20.908042430877686,
   "score": 0.25541741600908435,
   "page": 2
  },
  {
   "ink_f1": 0.21127699241741718,
   "edge_score": 2.7512688327021873e-05,
   "mean_edge_distance_px": 105.00863265991211,
   "score": 0.14790214849869013,
   "page": 3
  }
 ]
}