{
 "metric_version": "raster_v0.2",
 "raster_v1": 0.06381522114542387,
 "raster": 0.12223597894344392,
 "visual": 0.4558003839269269,
 "overall": 0.5877453703315746,
 "pages": [
  {
   "ink_f1": 0.04239148557482242,
   "edge_score": 0.0052426483537021526,
   "mean_edge_distance_px": 52.50928497314453,
   "score": 0.031246834408486336,
   "page": 1
  },
  {
   "ink_f1": 0.2837686432704292,
   "edge_score": 0.04862357729700352,
   "mean_edge_distance_px": 30.236467361450195,
   "score": 0.2132251234784015,
   "page": 2
  }
 ]
}