{
  "sample_id": "09_algorithms_003",
  "mode": "novisual",
  "model": "sonnet",
  "method": "claude sonnet agentic (novisual, effort low)",
  "claude_exit": 0,
  "cost_usd": 0.43230250000000003,
  "num_turns": 16,
  "duration_s": 247,
  "is_error": false,
  "tool_calls": 15,
  "score_runs": 7,
  "baseline_overall": 0.3438513718429454,
  "final": {
    "compiled": true,
    "overall": 0.5177804343362639,
    "visual": 0.375052663250946,
    "content": 0.9424206051512879,
    "pagination": 1.0,
    "layout": 0.7369981168460905,
    "typography": 0.8475046592889303,
    "raster": 0.06381522114542387,
    "pages": "2/2",
    "review_flags": [
      "content_visual_disagreement",
      "raster_layout_disagreement"
    ]
  }
}
