{
 "metric_version": "raster_v0.2",
 "raster_v1": 0.04818013167474174,
 "raster": 0.078552204076421,
 "visual": 0.23664186300726422,
 "overall": 0.3896757948819282,
 "pages": [
  {
   "ink_f1": 0.004246268973912599,
   "edge_score": 5.410530324069479e-13,
   "mean_edge_distance_px": 282.4525909423828,
   "score": 0.002972388281901135,
   "page": 1
  },
  {
   "ink_f1": 0.32390373796668476,
   "edge_score": 0.019838691235608462,
   "mean_edge_distance_px": 39.20121145248413,
   "score": 0.23268422394736185,
   "page": 2
  },
  {
   "ink_f1": 0.0,
   "edge_score": 0.0,
   "mean_edge_distance_px": 1584.0,
   "score": 0.0,
   "page": 3
  }
 ]
}