{
 "metric_version": "raster_v0.2",
 "raster_v1": 0.1436390813670429,
 "raster": 0.31035055595886,
 "visual": 0.572899865919889,
 "overall": 0.6929660807192091,
 "pages": [
  {
   "ink_f1": 0.5443826603235808,
   "edge_score": 0.2909174722740063,
   "mean_edge_distance_px": 12.347156524658203,
   "score": 0.4683431039087085,
   "page": 1
  },
  {
   "ink_f1": 0.21752509039037984,
   "edge_score": 0.000301482452485664,
   "mean_edge_distance_px": 81.0679874420166,
   "score": 0.1523580080090116,
   "page": 2
  }
 ]
}