{
  "sample_id": "06_tables_moderate_010",
  "mode": "novisual",
  "model": "opus",
  "method": "claude opus agentic (novisual, effort medium)",
  "claude_exit": 0,
  "cost_usd": 1.1213192500000002,
  "num_turns": 32,
  "duration_s": 200,
  "is_error": false,
  "tool_calls": 31,
  "score_runs": 12,
  "baseline_overall": 0.3086678382041997,
  "final": {
    "compiled": true,
    "overall": 0.5963056098878561,
    "visual": 0.4546788448728868,
    "content": 0.9866741261722081,
    "pagination": 1.0,
    "layout": 0.6803873669149484,
    "typography": 0.7710851316143655,
    "raster": 0.1436390813670429,
    "pages": "2/2",
    "review_flags": [
      "content_visual_disagreement",
      "raster_layout_disagreement"
    ]
  }
}
