{
  "aggregate_score": null,
  "group_field": "asset_role",
  "groups": {
    "claude_opus": {
      "critical_inventories": {
        "citation": {
          "applicable_pairs": 1,
          "exact_pairs": 0,
          "exact_rate": 0.0
        },
        "number": {
          "applicable_pairs": 7,
          "exact_pairs": 1,
          "exact_rate": 0.14285714285714285
        },
        "operator": {
          "applicable_pairs": 7,
          "exact_pairs": 4,
          "exact_rate": 0.5714285714285714
        }
      },
      "failed": 0,
      "metrics": {
        "baseline_displacement_q90": {
          "abstained_or_missing": 0,
          "count": 7,
          "direction": "lower_is_better_diagnostic",
          "max": 0.6304939347084122,
          "median": 0.053009110267716264,
          "min": 0.00625525580512154,
          "q10": 0.011208762737235648,
          "q90": 0.31661321312490154
        },
        "block_transport_geometry_similarity": {
          "abstained_or_missing": 0,
          "count": 7,
          "direction": "higher_is_better_adaptation",
          "max": 0.9326165735539563,
          "median": 0.6638802074234793,
          "min": 0.5155549479043163,
          "q10": 0.5637108062903007,
          "q90": 0.9289867840165464
        },
        "canvas_exact_size_rate": {
          "abstained_or_missing": 0,
          "count": 7,
          "direction": "one_is_exact",
          "max": 1.0,
          "median": 1.0,
          "min": 1.0,
          "q10": 1.0,
          "q90": 1.0
        },
        "compatibility_word_f1": {
          "abstained_or_missing": 0,
          "count": 7,
          "direction": "higher_is_better",
          "max": 0.9983388704318937,
          "median": 0.8571428571428572,
          "min": 0.6017699115044248,
          "q10": 0.725940868466983,
          "q90": 0.9932130991931657
        },
        "font_size_log_error_q90": {
          "abstained_or_missing": 0,
          "count": 7,
          "direction": "lower_is_better_diagnostic",
          "max": 0.3649112408832818,
          "median": 0.034476726400631756,
          "min": 0.008298008086413849,
          "q10": 0.019778511312818138,
          "q90": 0.22654849694869605
        },
        "page_break_f1": {
          "abstained_or_missing": 0,
          "count": 7,
          "direction": "higher_is_better",
          "max": 1.0,
          "median": 0.5,
          "min": 0.0,
          "q10": 0.0,
          "q90": 1.0
        },
        "page_count_delta": {
          "abstained_or_missing": 0,
          "count": 7,
          "direction": "zero_is_best",
          "max": 0.0,
          "median": 0.0,
          "min": -1.0,
          "q10": -0.3999999999999999,
          "q90": 0.0
        },
        "reading_order_tau": {
          "abstained_or_missing": 0,
          "count": 7,
          "direction": "higher_is_better_conditional",
          "max": 1.0,
          "median": 0.9314516129032258,
          "min": 0.7777777777777778,
          "q10": 0.836617183985605,
          "q90": 1.0
        },
        "strict_document_edit_similarity": {
          "abstained_or_missing": 0,
          "count": 7,
          "direction": "higher_is_better",
          "max": 0.9992398327632079,
          "median": 0.8956521739130435,
          "min": 0.6434001382170007,
          "q10": 0.6833533712912563,
          "q90": 0.9932558615489325
        },
        "strict_word_f1": {
          "abstained_or_missing": 0,
          "count": 7,
          "direction": "higher_is_better",
          "max": 0.9983388704318937,
          "median": 0.7888999008919723,
          "min": 0.4283185840707965,
          "q10": 0.4491052114060964,
          "q90": 0.9897145569191131
        },
        "style_coverage_hmean": {
          "abstained_or_missing": 0,
          "count": 7,
          "direction": "higher_is_better_diagnostic",
          "max": 0.9983388704318937,
          "median": 0.8571428571428572,
          "min": 0.6017699115044248,
          "q10": 0.725940868466983,
          "q90": 0.9932130991931657
        },
        "text_ltsim_page_macro": {
          "abstained_or_missing": 0,
          "count": 7,
          "direction": "higher_is_better",
          "max": 0.8601079633105818,
          "median": 0.7654170941175276,
          "min": 0.7042763792993914,
          "q10": 0.7190513745886847,
          "q90": 0.8186892142752276
        },
        "text_ltsim_worst_page": {
          "abstained_or_missing": 0,
          "count": 7,
          "direction": "higher_is_better",
          "max": 0.8601079633105818,
          "median": 0.7198653082259044,
          "min": 0.6906633860124676,
          "q10": 0.6988311819846218,
          "q90": 0.8070380352251101
        },
        "token_bbox_iou_q10": {
          "abstained_or_missing": 0,
          "count": 7,
          "direction": "higher_is_better",
          "max": 0.0,
          "median": 0.0,
          "min": 0.0,
          "q10": 0.0,
          "q90": 0.0
        },
        "token_center_displacement_q90": {
          "abstained_or_missing": 0,
          "count": 7,
          "direction": "lower_is_better",
          "max": 0.6301088686581533,
          "median": 0.05647333398916131,
          "min": 0.017577934236202603,
          "q10": 0.02457158849713644,
          "q90": 0.35163022520247944
        },
        "unregistered_ink_f1": {
          "abstained_or_missing": 0,
          "count": 7,
          "direction": "higher_is_better_raster_diagnostic",
          "max": 0.6773693755365947,
          "median": 0.5422377474648974,
          "min": 0.14286967813088045,
          "q10": 0.28856328116406316,
          "q90": 0.6726245992571859
        },
        "unregistered_multiscale_ssim_diagnostic": {
          "abstained_or_missing": 0,
          "count": 7,
          "direction": "higher_is_better_raster_diagnostic",
          "max": 0.9355937425140126,
          "median": 0.831911135601657,
          "min": 0.773740953542434,
          "q10": 0.7952841529179554,
          "q90": 0.9264194435198656
        },
        "unregistered_ssim": {
          "abstained_or_missing": 0,
          "count": 7,
          "direction": "higher_is_better_raster_diagnostic",
          "max": 0.8948387615032325,
          "median": 0.7494876140087483,
          "min": 0.5710577474955127,
          "q10": 0.654256187719413,
          "q90": 0.8907789368165486
        }
      },
      "page_count_exact_rate": 0.8571428571428571,
      "pairs": 7,
      "scored": 7,
      "specialized_status_counts": {
        "figure": {
          "abstain": 7
        },
        "formula": {
          "abstain": 7
        },
        "table": {
          "abstain": 7
        }
      },
      "ssim_scored_pairs": 7
    },
    "claude_sonnet": {
      "critical_inventories": {
        "citation": {
          "applicable_pairs": 0,
          "exact_pairs": 0,
          "exact_rate": null
        },
        "number": {
          "applicable_pairs": 7,
          "exact_pairs": 1,
          "exact_rate": 0.14285714285714285
        },
        "operator": {
          "applicable_pairs": 7,
          "exact_pairs": 4,
          "exact_rate": 0.5714285714285714
        }
      },
      "failed": 0,
      "metrics": {
        "baseline_displacement_q90": {
          "abstained_or_missing": 0,
          "count": 7,
          "direction": "lower_is_better_diagnostic",
          "max": 0.6994921751696653,
          "median": 0.14234876151036732,
          "min": 0.037119354864563636,
          "q10": 0.08856646605212279,
          "q90": 0.48392009542445946
        },
        "block_transport_geometry_similarity": {
          "abstained_or_missing": 0,
          "count": 7,
          "direction": "higher_is_better_adaptation",
          "max": 0.6959811359700326,
          "median": 0.6038902831805468,
          "min": 0.4878772698540458,
          "q10": 0.5181401548852083,
          "q90": 0.68488822458542
        },