{
  "sample_id": "06_tables_moderate_010",
  "mode": "visual",
  "model": "sonnet",
  "method": "claude sonnet agentic (visual, effort medium)",
  "claude_exit": 0,
  "cost_usd": 2.570332749999999,
  "num_turns": 50,
  "duration_s": 1421,
  "is_error": false,
  "tool_calls": 49,
  "score_runs": 15,
  "baseline_overall": 0.3086678382041997,
  "final": {
    "compiled": true,
    "overall": 0.7475349597057788,
    "visual": 0.6438511841521782,
    "content": 0.9864153247757944,
    "pagination": 1.0,
    "layout": 0.8886405530678481,
    "typography": 0.8726864600789846,
    "raster": 0.29540057263633074,
    "pages": "2/2",
    "review_flags": [
      "content_visual_disagreement",
      "raster_layout_disagreement"
    ]
  }
}
