{
  "sample_id": "05_tables_simple_021",
  "mode": "visual",
  "model": "opus",
  "method": "claude opus agentic (visual, effort high)",
  "claude_exit": 0,
  "cost_usd": 2.9808084999999997,
  "num_turns": 49,
  "duration_s": 570,
  "is_error": false,
  "tool_calls": 48,
  "score_runs": 13,
  "baseline_overall": 0.3610666716698761,
  "final": {
    "compiled": true,
    "overall": 0.6694634634873157,
    "visual": 0.5744760820579933,
    "content": 0.8894943119228624,
    "pagination": 0.9989010989010989,
    "layout": 0.6630034155704366,
    "typography": 0.7036451253143865,
    "raster": 0.3447271846783327,
    "pages": "3/3",
    "review_flags": [
      "content_visual_disagreement",
      "raster_layout_disagreement"
    ]
  }
}
