{
 "metric_version": "raster_v0.2",
 "raster_v1": 0.20852326111929442,
 "raster": 0.41221997157361157,
 "visual": 0.6387696769018294,
 "overall": 0.7410368920148679,
 "pages": [
  {
   "ink_f1": 0.484875729582284,
   "edge_score": 0.018357559050845088,
   "mean_edge_distance_px": 39.97713851928711,
   "score": 0.3449202784228523,
   "page": 1
  },
  {
   "ink_f1": 0.5109174332159315,
   "edge_score": 0.40625820491072956,
   "mean_edge_distance_px": 9.007663488388062,
   "score": 0.4795196647243709,
   "page": 2
  }
 ]
}