{
 "metric_version": "raster_v0.2",
 "raster_v1": 0.03845191580074222,
 "raster": 0.05603666641665243,
 "visual": 0.21137004716734348,
 "overall": 0.3537963905751598,
 "pages": [
  {
   "ink_f1": 0.05239215190718422,
   "edge_score": 4.313454236747904e-07,
   "mean_edge_distance_px": 146.56356620788574,
   "score": 0.03667463573865606,
   "page": 1
  },
  {
   "ink_f1": 0.18740025383665027,
   "edge_score": 0.000850619418820097,
   "mean_edge_distance_px": 70.6954574584961,
   "score": 0.13143536351130122,
   "page": 2
  },
  {
   "ink_f1": 0.0,
   "edge_score": 0.0,
   "mean_edge_distance_px": 1584.0,
   "score": 0.0,
   "page": 3
  }
 ]
}