{
 "metric_version": "raster_v0.2",
 "raster_v1": 0.30449927312554737,
 "raster": 0.5581898361549968,
 "visual": 0.7072059739053159,
 "overall": 0.7969828878327895,
 "pages": [
  {
   "ink_f1": 0.6559622632320049,
   "edge_score": 0.5463652370080182,
   "mean_edge_distance_px": 6.044675946235657,
   "score": 0.6230831553648088,
   "page": 1
  },
  {
   "ink_f1": 0.6276008100877146,
   "edge_score": 0.17991983294594838,
   "mean_edge_distance_px": 17.15243899822235,
   "score": 0.4932965169451847,
   "page": 2
  }
 ]
}