{
 "metric_version": "raster_v0.2",
 "raster_v1": 0.10688261595372427,
 "raster": 0.21843540971584308,
 "visual": 0.44952969200226267,
 "overall": 0.5792361427741652,
 "pages": [
  {
   "ink_f1": 0.3198684724669522,
   "edge_score": 0.2322954411926423,
   "mean_edge_distance_px": 14.597452640533447,
   "score": 0.2935965630846592,
   "page": 1
  },
  {
   "ink_f1": 0.28860205677194134,
   "edge_score": 0.00426188971660713,
   "mean_edge_distance_px": 54.58042621612549,
   "score": 0.20330000665534106,
   "page": 2
  },
  {
   "ink_f1": 0.22628128699519606,
   "edge_score": 4.252836963907974e-05,
   "mean_edge_distance_px": 100.65339183807373,
   "score": 0.15840965940752896,
   "page": 3
  }
 ]
}