{
 "metric_version": "raster_v0.2",
 "raster_v1": 0.20901909588819806,
 "raster": 0.40652332366672905,
 "visual": 0.6760766358339358,
 "overall": 0.769458663810811,
 "pages": [
  {
   "ink_f1": 0.6798611785381337,
   "edge_score": 0.4903451163054456,
   "mean_edge_distance_px": 7.126458168029785,
   "score": 0.6230063598683272,
   "page": 1
  },
  {
   "ink_f1": 0.2693694899281005,
   "edge_score": 0.004938815051535291,
   "mean_edge_distance_px": 53.10629844665527,
   "score": 0.19004028746513094,
   "page": 2
  }
 ]
}