{
 "metric_version": "raster_v0.2",
 "raster_v1": 0.0922747358453046,
 "raster": 0.18219275441382546,
 "visual": 0.46552392590257596,
 "overall": 0.5910680216560745,
 "pages": [
  {
   "ink_f1": 0.06646212645300589,
   "edge_score": 0.0038845569396272145,
   "mean_edge_distance_px": 55.507463455200195,
   "score": 0.04768885559899229,
   "page": 1
  },
  {
   "ink_f1": 0.4217291391043755,
   "edge_score": 0.16148057712821895,
   "mean_edge_distance_px": 18.233704090118408,
   "score": 0.3436545705115285,
   "page": 2
  },
  {
   "ink_f1": 0.21969333989463882,
   "edge_score": 0.004831664015694996,
   "mean_edge_distance_px": 53.32564353942871,
   "score": 0.15523483713095565,
   "page": 3
  }
 ]
}