{
  "sample_id": "05_tables_simple_023",
  "mode": "1turn",
  "model": "sonnet",
  "method": "claude sonnet 1-turn (effort low)",
  "claude_exit": 0,
  "cost_usd": 0.08559875,
  "duration_s": 34,
  "final": {
    "compiled": true,
    "overall": 0.5176366843852866,
    "visual": 0.37958366911181457,
    "content": 0.9209048078977355,
    "pagination": 1.0,
    "layout": 0.600853523568548,
    "typography": 0.7787107257439778,
    "raster": 0.0922747358453046,
    "pages": "3/3",
    "review_flags": [
      "content_visual_disagreement",
      "raster_layout_disagreement"
    ]
  }
}
