{
 "metric_version": "raster_v0.2",
 "raster_v1": 0.053686104554628335,
 "raster": 0.08011055333137505,
 "visual": 0.2394816353369147,
 "overall": 0.38597166739915245,
 "pages": [
  {
   "ink_f1": 0.061148982487195254,
   "edge_score": 4.6721235443965994e-07,
   "mean_edge_distance_px": 145.7648196220398,
   "score": 0.042804427904743,
   "page": 1
  },
  {
   "ink_f1": 0.2737826908667063,
   "edge_score": 0.019597828275625756,
   "mean_edge_distance_px": 39.323365211486816,
   "score": 0.19752723208938214,
   "page": 2
  },
  {
   "ink_f1": 0.0,
   "edge_score": 0.0,
   "mean_edge_distance_px": 1584.0,
   "score": 0.0,
   "page": 3
  }
 ]
}