{
 "metric_version": "raster_v0.2",
 "raster_v1": 0.31241650367118984,
 "raster": 0.5138581037995161,
 "visual": 0.6938151513768672,
 "overall": 0.7813235593554596,
 "pages": [
  {
   "ink_f1": 0.8357649282795075,
   "edge_score": 0.7781902262707171,
   "mean_edge_distance_px": 2.507842779159546,
   "score": 0.8184925176768704,
   "page": 1
  },
  {
   "ink_f1": 0.2856286181001726,
   "edge_score": 0.030945524173470126,
   "mean_edge_distance_px": 34.755269050598145,
   "score": 0.20922368992216184,
   "page": 2
  }
 ]
}