{
  "sample_id": "09_algorithms_003",
  "mode": "visual",
  "model": "sonnet",
  "method": "claude sonnet agentic (visual, effort low)",
  "claude_exit": 0,
  "cost_usd": 2.1788342500000004,
  "num_turns": 78,
  "duration_s": 859,
  "is_error": false,
  "tool_calls": 77,
  "score_runs": 25,
  "baseline_overall": 0.3438513718429454,
  "final": {
    "compiled": true,
    "overall": 0.7090708267980284,
    "visual": 0.5976005754205386,
    "content": 0.9741719238439304,
    "pagination": 1.0,
    "layout": 0.7370029526883973,
    "typography": 0.8035550367581569,
    "raster": 0.31241650367118984,
    "pages": "2/2",
    "review_flags": [
      "content_visual_disagreement",
      "raster_layout_disagreement"
    ]
  }
}
