{
 "metric_version": "raster_v0.2",
 "raster_v1": 0.19383625531207777,
 "raster": 0.45096859822788227,
 "visual": 0.7433189839797658,
 "overall": 0.8183876555478715,
 "pages": [
  {
   "ink_f1": 0.45232567212478136,
   "edge_score": 0.4478020924684511,
   "mean_edge_distance_px": 8.03403902053833,
   "score": 0.45096859822788227,
   "page": 1
  }
 ]
}