{
 "metric_version": "raster_v0.2",
 "raster_v1": 0.12079406142189515,
 "raster": 0.224249947293813,
 "visual": 0.47625346974377536,
 "overall": 0.5847285242289129,
 "pages": [
  {
   "ink_f1": 0.12454126459446188,
   "edge_score": 0.006160171097105144,
   "mean_edge_distance_px": 50.896507263183594,
   "score": 0.08902693654525486,
   "page": 1
  },
  {
   "ink_f1": 0.4199247017436463,
   "edge_score": 0.11847464508372964,
   "mean_edge_distance_px": 21.330563068389893,
   "score": 0.3294896847456713,
   "page": 2
  },
  {
   "ink_f1": 0.3631491229442286,
   "edge_score": 9.611509850963527e-05,
   "mean_edge_distance_px": 92.49964141845703,
   "score": 0.25423322059051284,
   "page": 3
  }
 ]
}