{
  "sample_id": "05_tables_simple_021",
  "mode": "novisual",
  "model": "sonnet",
  "method": "claude sonnet agentic (novisual, effort low)",
  "claude_exit": 0,
  "cost_usd": 0.8218125000000002,
  "num_turns": 25,
  "duration_s": 398,
  "is_error": false,
  "tool_calls": 24,
  "score_runs": 6,
  "baseline_overall": 0.3610666716698761,
  "final": {
    "compiled": true,
    "overall": 0.5182751198564605,
    "visual": 0.3955779932292874,
    "content": 0.8559643151988948,
    "pagination": 0.9989010989010989,
    "layout": 0.5602191312222171,
    "typography": 0.7355549499465937,
    "raster": 0.12079406142189515,
    "pages": "3/3",
    "review_flags": [
      "content_visual_disagreement",
      "raster_layout_disagreement"
    ]
  }
}
