{
 "metric_version": "raster_v0.2",
 "raster_v1": 0.05438160693594979,
 "raster": 0.09306043160784977,
 "visual": 0.35880810607207025,
 "overall": 0.47410658019694957,
 "pages": [
  {
   "ink_f1": 0.2257384395815438,
   "edge_score": 0.09367985169539625,
   "mean_edge_distance_px": 23.67872142791748,
   "score": 0.18612086321569954,
   "page": 1
  },
  {
   "ink_f1": 0.0,
   "edge_score": 0.0,
   "mean_edge_distance_px": 1584.0,
   "score": 0.0,
   "page": 2
  }
 ]
}