{
  "sample_id": "04_math_aligned_014",
  "mode": "1turn",
  "model": "sonnet",
  "method": "claude sonnet 1-turn (effort low)",
  "claude_exit": 0,
  "cost_usd": 0.063999,
  "duration_s": 20,
  "final": {
    "compiled": true,
    "overall": 0.4269528755977072,
    "visual": 0.30539951156813433,
    "content": 0.7954553011247002,
    "pagination": 0.5867567567567568,
    "layout": 0.5697344568777827,
    "typography": 0.8425382270585422,
    "raster": 0.05438160693594979,
    "pages": "2/1",
    "review_flags": [
      "page_count_mismatch",
      "content_visual_disagreement",
      "raster_layout_disagreement"
    ]
  }
}
