{
 "metric_version": "raster_v0.2",
 "raster_v1": 0.16777563634040443,
 "raster": 0.3335237133667647,
 "visual": 0.616206437584309,
 "overall": 0.7247930839972527,
 "pages": [
  {
   "ink_f1": 0.6060307049274575,
   "edge_score": 0.49300646087527616,
   "mean_edge_distance_px": 7.072329998016357,
   "score": 0.5721234317118031,
   "page": 1
  },
  {
   "ink_f1": 0.13560166695071846,
   "edge_score": 9.427187411069055e-06,
   "mean_edge_distance_px": 115.7191276550293,
   "score": 0.09492399502172624,
   "page": 2
  }
 ]
}