{
  "sample_id": "06_tables_moderate_010",
  "mode": "novisual",
  "model": "sonnet",
  "method": "claude sonnet agentic (novisual, effort low)",
  "claude_exit": 0,
  "cost_usd": 0.7043735500000001,
  "num_turns": 25,
  "duration_s": 343,
  "is_error": false,
  "tool_calls": 24,
  "score_runs": 9,
  "baseline_overall": 0.3086678382041997,
  "final": {
    "compiled": true,
    "overall": 0.6339083394122621,
    "visual": 0.5014260404139407,
    "content": 0.9797606039979938,
    "pagination": 1.0,
    "layout": 0.7222280391450405,
    "typography": 0.884285266916441,
    "raster": 0.16777563634040443,
    "pages": "2/2",
    "review_flags": [
      "content_visual_disagreement",
      "raster_layout_disagreement"
    ]
  }
}
