{
  "sample_id": "07_figures_captions_007",
  "mode": "visual",
  "model": "opus",
  "method": "claude opus agentic (visual, effort high)",
  "claude_exit": 0,
  "cost_usd": 2.253946499999999,
  "num_turns": 55,
  "duration_s": 378,
  "is_error": false,
  "tool_calls": 54,
  "score_runs": 16,
  "baseline_overall": 0.38372040576890604,
  "final": {
    "compiled": true,
    "overall": 0.8237405099651136,
    "visual": 0.7508119121440137,
    "content": 0.9784928122192272,
    "pagination": 1.0,
    "layout": 0.9283959773046081,
    "typography": 0.9145404393397635,
    "raster": 0.4508072639299904,
    "pages": "1/1",
    "review_flags": [
      "raster_layout_disagreement"
    ]
  }
}
