{
 "metric_version": "raster_v0.2",
 "raster_v1": 0.09302281756412993,
 "raster": 0.18093245862356835,
 "visual": 0.43400442516764204,
 "overall": 0.5661531220261714,
 "pages": [
  {
   "ink_f1": 0.1807368611795074,
   "edge_score": 0.09043939568232363,
   "mean_edge_distance_px": 24.030753135681152,
   "score": 0.15364762153035225,
   "page": 1
  },
  {
   "ink_f1": 0.23829038383582257,
   "edge_score": 0.0001634697252457912,
   "mean_edge_distance_px": 87.18882751464844,
   "score": 0.16685230960264952,
   "page": 2
  },
  {
   "ink_f1": 0.3032781138498793,
   "edge_score": 0.03334255014262603,
   "mean_edge_distance_px": 34.00920915603638,
   "score": 0.2222974447377033,
   "page": 3
  }
 ]
}