{
  "sample_id": "05_tables_simple_023",
  "mode": "visual",
  "model": "opus",
  "method": "claude opus agentic (visual, effort medium)",
  "claude_exit": 0,
  "cost_usd": 2.4784277500000003,
  "num_turns": 54,
  "duration_s": 425,
  "is_error": false,
  "tool_calls": 53,
  "score_runs": 14,
  "baseline_overall": 0.3160506144901656,
  "final": {
    "compiled": true,
    "overall": 0.49727101130867346,
    "visual": 0.3554807265754117,
    "content": 0.927517284721,
    "pagination": 1.0,
    "layout": 0.5331150393888988,
    "typography": 0.7039700660339236,
    "raster": 0.09302281756412993,
    "pages": "3/3",
    "review_flags": [
      "content_visual_disagreement",
      "raster_layout_disagreement"
    ]
  }
}
