{
  "sample_id": "05_tables_simple_021",
  "mode": "novisual",
  "model": "opus",
  "method": "claude opus agentic (novisual, effort high)",
  "claude_exit": 0,
  "cost_usd": 2.19648275,
  "num_turns": 45,
  "duration_s": 395,
  "is_error": false,
  "tool_calls": 44,
  "score_runs": 16,
  "baseline_overall": 0.3610666716698761,
  "final": {
    "compiled": true,
    "overall": 0.5440660222481264,
    "visual": 0.4068073593249644,
    "content": 0.9335544813642763,
    "pagination": 0.9423076923076923,
    "layout": 0.5376106214440877,
    "typography": 0.800869278980154,
    "raster": 0.1349688499311596,
    "pages": "3/3",
    "review_flags": [
      "content_visual_disagreement",
      "raster_layout_disagreement"
    ]
  }
}
