{
 "metric_version": "raster_v0.2",
 "raster_v1": 0.27848946989112144,
 "raster": 0.524314568676058,
 "visual": 0.6750278987890239,
 "overall": 0.7723987508875473,
 "pages": [
  {
   "ink_f1": 0.6708983818169967,
   "edge_score": 0.5593272693569368,
   "mean_edge_distance_px": 5.8102052211761475,
   "score": 0.6374270480789787,
   "page": 1
  },
  {
   "ink_f1": 0.567915815511074,
   "edge_score": 0.045536728051285204,
   "mean_edge_distance_px": 30.89236068725586,
   "score": 0.41120208927313734,
   "page": 2
  }
 ]
}