{
  "sample_id": "05_tables_simple_005",
  "mode": "novisual",
  "model": "opus",
  "method": "claude opus agentic (novisual, effort medium)",
  "claude_exit": 0,
  "cost_usd": 0.5686960000000001,
  "num_turns": 16,
  "duration_s": 113,
  "is_error": false,
  "tool_calls": 15,
  "score_runs": 6,
  "baseline_overall": 0.3350118062179044,
  "final": {
    "compiled": true,
    "overall": 0.682745504376904,
    "visual": 0.5583246193290938,
    "content": 0.9920219143934494,
    "pagination": 1.0,
    "layout": 0.6661734273348658,
    "typography": 0.8318520937269994,
    "raster": 0.27848946989112144,
    "pages": "2/2",
    "review_flags": [
      "content_visual_disagreement",
      "raster_layout_disagreement"
    ]
  }
}
