{
  "sample_id": "07_figures_captions_007",
  "mode": "novisual",
  "model": "opus",
  "method": "claude opus agentic (novisual, effort high)",
  "claude_exit": 0,
  "cost_usd": 2.4048005000000003,
  "num_turns": 58,
  "duration_s": 474,
  "is_error": false,
  "tool_calls": 57,
  "score_runs": 20,
  "baseline_overall": 0.38372040576890604,
  "final": {
    "compiled": true,
    "overall": 0.7681506047560926,
    "visual": 0.6742919958478185,
    "content": 0.9784928122192272,
    "pagination": 1.0,
    "layout": 0.9155364892388346,
    "typography": 0.9214188214515239,
    "raster": 0.3193653178823814,
    "pages": "1/1",
    "review_flags": [
      "content_visual_disagreement",
      "raster_layout_disagreement"
    ]
  }
}
