{
 "metric_version": "raster_v0.2",
 "raster_v1": 0.24528796799167,
 "raster": 0.45542704568217945,
 "visual": 0.6229023131385399,
 "overall": 0.7186308846739621,
 "pages": [
  {
   "ink_f1": 0.3872923049777648,
   "edge_score": 0.2788740881623365,
   "mean_edge_distance_px": 12.769948959350586,
   "score": 0.3547668399331363,
   "page": 1
  },
  {
   "ink_f1": 0.3628196642487626,
   "edge_score": 0.00834389633613121,
   "mean_edge_distance_px": 47.86224985122681,
   "score": 0.25647693387497317,
   "page": 2
  },
  {
   "ink_f1": 0.7788796568004362,
   "edge_score": 0.6994053449270786,
   "mean_edge_distance_px": 3.575248122215271,
   "score": 0.755037363238429,
   "page": 3
  }
 ]
}