{
  "sample_id": "05_tables_simple_021",
  "mode": "visual",
  "model": "opus",
  "method": "claude opus agentic (visual, effort medium)",
  "claude_exit": 0,
  "cost_usd": 1.5091742499999998,
  "num_turns": 33,
  "duration_s": 253,
  "is_error": false,
  "tool_calls": 32,
  "score_runs": 9,
  "baseline_overall": 0.3610666716698761,
  "final": {
    "compiled": true,
    "overall": 0.6369437440279929,
    "visual": 0.5173651510504036,
    "content": 0.9371483125580906,
    "pagination": 0.9994764397905759,
    "layout": 0.6577952262598494,
    "typography": 0.7053485470763905,
    "raster": 0.24528796799167,
    "pages": "3/3",
    "review_flags": [
      "content_visual_disagreement",
      "raster_layout_disagreement"
    ]
  }
}
