{
 "metric_version": "raster_v0.2",
 "raster_v1": 0.05340518980583253,
 "raster": 0.08613878149581233,
 "visual": 0.24497861569728535,
 "overall": 0.37943445068846227,
 "pages": [
  {
   "ink_f1": 0.049563411152327055,
   "edge_score": 8.008045969131897e-07,
   "mean_edge_distance_px": 140.3764886856079,
   "score": 0.03469462804800801,
   "page": 1
  },
  {
   "ink_f1": 0.31867819197171554,
   "edge_score": 0.002156606864093726,
   "mean_edge_distance_px": 61.392191886901855,
   "score": 0.22372171643942898,
   "page": 2
  },
  {
   "ink_f1": 0.0,
   "edge_score": 0.0,
   "mean_edge_distance_px": 1584.0,
   "score": 0.0,
   "page": 3
  }
 ]
}