{
  "sample_id": "05_tables_simple_021",
  "mode": "1turn",
  "model": "sonnet",
  "method": "claude sonnet 1-turn (effort low)",
  "claude_exit": 0,
  "cost_usd": 0.12473100000000001,
  "duration_s": 62,
  "final": {
    "compiled": true,
    "overall": 0.34566211594899243,
    "visual": 0.21224799575208025,
    "content": 0.8550860950583796,
    "pagination": 0.48260073260073255,
    "layout": 0.26386509892443943,
    "typography": 0.72158069520584,
    "raster": 0.05340518980583253,
    "pages": "3/2",
    "review_flags": [
      "page_count_mismatch",
      "content_visual_disagreement"
    ]
  }
}
