{
 "metric_version": "raster_v0.2",
 "raster_v1": 0.2910872862387991,
 "raster": 0.570147146140584,
 "visual": 0.7927932952407141,
 "overall": 0.8501732292238432,
 "pages": [
  {
   "ink_f1": 0.5592130989503907,
   "edge_score": 0.4758421120942769,
   "mean_edge_distance_px": 7.426691770553589,
   "score": 0.5342018028935566,
   "page": 1
  },
  {
   "ink_f1": 0.6153085487047579,
   "edge_score": 0.5845883509809372,
   "mean_edge_distance_px": 5.368473529815674,
   "score": 0.6060924893876116,
   "page": 2
  }
 ]
}