{
  "sample_id": "09_algorithms_003",
  "mode": "visual",
  "model": "opus",
  "method": "claude opus agentic (visual, effort medium) [v2]",
  "claude_exit": 0,
  "cost_usd": 1.7668142500000004,
  "num_turns": 37,
  "duration_s": 325,
  "is_error": false,
  "tool_calls": 36,
  "score_runs": 13,
  "baseline_overall": 0.3438513718429454,
  "final": {
    "compiled": true,
    "overall": 0.7457177844334173,
    "visual": 0.6479938041423177,
    "content": 0.9679813465817306,
    "pagination": 1.0,
    "layout": 0.9137582428935502,
    "typography": 0.8712780948828618,
    "raster": 0.2910872862387991,
    "pages": "2/2",
    "review_flags": [
      "content_visual_disagreement",
      "raster_layout_disagreement"
    ]
  }
}
