{
 "metric_version": "raster_v0.2",
 "raster_v1": 0.08592911449558349,
 "raster": 0.20735061290756227,
 "visual": 0.568371559570153,
 "overall": 0.6848986779379282,
 "pages": [
  {
   "ink_f1": 0.10625501447592813,
   "edge_score": 0.11862725775049962,
   "mean_edge_distance_px": 21.317689895629883,
   "score": 0.10996668745829957,
   "page": 1
  },
  {
   "ink_f1": 0.38517426179224373,
   "edge_score": 0.11704185034084795,
   "mean_edge_distance_px": 21.452237129211426,
   "score": 0.30473453835682496,
   "page": 2
  }
 ]
}