{
  "sample_id": "09_algorithms_003",
  "mode": "novisual",
  "model": "opus",
  "method": "claude opus agentic (novisual, effort high)",
  "claude_exit": 1,
  "cost_usd": 3.0142925,
  "num_turns": 71,
  "duration_s": 495,
  "is_error": true,
  "tool_calls": 70,
  "score_runs": 23,
  "baseline_overall": 0.3438513718429454,
  "final": {
    "compiled": true,
    "overall": 0.5768012002402771,
    "visual": 0.4363779947300239,
    "content": 0.9683753746253747,
    "pagination": 1.0,
    "layout": 0.8492185168851503,
    "typography": 0.8710935465340011,
    "raster": 0.08592911449558349,
    "pages": "2/2",
    "review_flags": [
      "content_visual_disagreement",
      "raster_layout_disagreement"
    ]
  }
}
