{
 "metric_version": "raster_v0.2",
 "raster_v1": 0.2806866651644991,
 "raster": 0.5493973743383288,
 "visual": 0.6986739427213233,
 "overall": 0.7895016435088721,
 "pages": [
  {
   "ink_f1": 0.6714697901670227,
   "edge_score": 0.504274318494744,
   "mean_edge_distance_px": 6.846348762512207,
   "score": 0.6213111486653391,
   "page": 1
  },
  {
   "ink_f1": 0.6188497444908386,
   "edge_score": 0.1476292628924382,
   "mean_edge_distance_px": 19.13051128387451,
   "score": 0.4774836000113185,
   "page": 2
  }
 ]
}