{
  "sample_id": "05_tables_simple_005",
  "mode": "visual",
  "model": "opus",
  "method": "claude opus agentic (visual, effort high)",
  "claude_exit": 0,
  "cost_usd": 1.6527540000000003,
  "num_turns": 43,
  "duration_s": 380,
  "is_error": false,
  "tool_calls": 42,
  "score_runs": 15,
  "baseline_overall": 0.3350118062179044,
  "final": {
    "compiled": true,
    "overall": 0.6925934860863084,
    "visual": 0.5711827811608731,
    "content": 0.9906662797275684,
    "pagination": 1.0,
    "layout": 0.7088993986714921,
    "typography": 0.8135301386801692,
    "raster": 0.2806866651644991,
    "pages": "2/2",
    "review_flags": [
      "content_visual_disagreement",
      "raster_layout_disagreement"
    ]
  }
}
