{
 "metric_version": "raster_v0.2",
 "raster_v1": 0.10959023436305908,
 "raster": 0.2515231852870601,
 "visual": 0.5860206082208774,
 "overall": 0.6840697747631512,
 "pages": [
  {
   "ink_f1": 0.05187349879597553,
   "edge_score": 0.0026453987426222083,
   "mean_edge_distance_px": 59.349334716796875,
   "score": 0.03710506877996954,
   "page": 1
  },
  {
   "ink_f1": 0.48355360199419095,
   "edge_score": 0.20321490380422155,
   "mean_edge_distance_px": 15.934912204742432,
   "score": 0.3994519925372001,
   "page": 2
  },
  {
   "ink_f1": 0.346751321604717,
   "edge_score": 0.25095523140236226,
   "mean_edge_distance_px": 13.824807167053223,
   "score": 0.31801249454401054,
   "page": 3
  }
 ]
}