{
 "metric_version": "raster_v0.2",
 "raster_v1": 0.2135028266414005,
 "raster": 0.4034370222031128,
 "visual": 0.6180914283051288,
 "overall": 0.7277637468644822,
 "pages": [
  {
   "ink_f1": 0.5848809498129806,
   "edge_score": 0.16353234551444304,
   "mean_edge_distance_px": 18.107444763183594,
   "score": 0.4584763685234193,
   "page": 1
  },
  {
   "ink_f1": 0.4452846303893134,
   "edge_score": 0.12232811536762318,
   "mean_edge_distance_px": 21.010483741760254,
   "score": 0.3483976758828063,
   "page": 2
  }
 ]
}