{
  "sample_id": "06_tables_moderate_010",
  "mode": "visual",
  "model": "sonnet",
  "method": "claude sonnet agentic (visual, effort low)",
  "claude_exit": 0,
  "cost_usd": 1.8645055,
  "num_turns": 58,
  "duration_s": 837,
  "is_error": false,
  "tool_calls": 57,
  "score_runs": 19,
  "baseline_overall": 0.3086678382041997,
  "final": {
    "compiled": true,
    "overall": 0.6428325424632221,
    "visual": 0.5106708693389966,
    "content": 0.9856707174366035,
    "pagination": 1.0,
    "layout": 0.6846435464108059,
    "typography": 0.7510536174564003,
    "raster": 0.2135028266414005,
    "pages": "2/2",
    "review_flags": [
      "content_visual_disagreement",
      "raster_layout_disagreement"
    ]
  }
}
