{
 "metric_version": "raster_v0.2",
 "raster_v1": 0.3038929780812162,
 "raster": 0.6058994117875898,
 "visual": 0.7986653253981458,
 "overall": 0.8636392055141977,
 "pages": [
  {
   "ink_f1": 0.717493749237892,
   "edge_score": 0.5864721850647655,
   "mean_edge_distance_px": 5.336300373077393,
   "score": 0.678187279985954,
   "page": 1
  },
  {
   "ink_f1": 0.5521954238032378,
   "edge_score": 0.49024915642319655,
   "mean_edge_distance_px": 7.12841534614563,
   "score": 0.5336115435892255,
   "page": 2
  }
 ]
}