{
  "sample_id": "06_tables_moderate_010",
  "mode": "visual",
  "model": "opus",
  "method": "claude opus agentic (visual, effort medium) [v3]",
  "claude_exit": 0,
  "cost_usd": 0.65879775,
  "num_turns": 15,
  "duration_s": 145,
  "is_error": false,
  "tool_calls": 14,
  "score_runs": 4,
  "baseline_overall": 0.3086678382041997,
  "final": {
    "compiled": true,
    "overall": 0.7549092995882841,
    "visual": 0.6493231247218147,
    "content": 0.9986536313649121,
    "pagination": 1.0,
    "layout": 0.8836058244549065,
    "typography": 0.8824827238017129,
    "raster": 0.3038929780812162,
    "pages": "2/2",
    "review_flags": [
      "content_visual_disagreement",
      "raster_layout_disagreement"
    ]
  }
}
