{
 "metric_version": "raster_v0.2",
 "raster_v1": 0.46816971763780846,
 "raster": 0.7892859738438187,
 "visual": 0.8653307538389113,
 "overall": 0.9084174403975349,
 "pages": [
  {
   "ink_f1": 0.7631860641998612,
   "edge_score": 0.7711561093146947,
   "mean_edge_distance_px": 2.598644495010376,
   "score": 0.7655770777343112,
   "page": 1
  },
  {
   "ink_f1": 0.8111137884573356,
   "edge_score": 0.8173840601106375,
   "mean_edge_distance_px": 2.0164620876312256,
   "score": 0.8129948699533261,
   "page": 2
  }
 ]
}