{
  "sample_id": "05_tables_simple_005",
  "mode": "visual",
  "model": "opus",
  "method": "claude opus agentic (visual, effort medium) [v2]",
  "claude_exit": 0,
  "cost_usd": 0.9785355000000001,
  "num_turns": 24,
  "duration_s": 208,
  "is_error": false,
  "tool_calls": 23,
  "score_runs": 4,
  "baseline_overall": 0.3350118062179044,
  "final": {
    "compiled": true,
    "overall": 0.8204524299435265,
    "visual": 0.7398315008985867,
    "content": 0.9942082261805217,
    "pagination": 1.0,
    "layout": 0.8773080149867781,
    "typography": 0.8989901270258939,
    "raster": 0.46816971763780846,
    "pages": "2/2",
    "review_flags": [
      "content_visual_disagreement",
      "raster_layout_disagreement"
    ]
  }
}
