{
 "metric_version": "raster_v0.2",
 "raster_v1": 0.2009046388335918,
 "raster": 0.3608047851782479,
 "visual": 0.543098633142687,
 "overall": 0.6435400230564994,
 "pages": [
  {
   "ink_f1": 0.677631969217203,
   "edge_score": 0.5004578291480644,
   "mean_edge_distance_px": 6.922319412231445,
   "score": 0.6244797271964614,
   "page": 1
  },
  {
   "ink_f1": 0.40870860485950233,
   "edge_score": 0.06502422314534322,
   "mean_edge_distance_px": 27.329954147338867,
   "score": 0.3056032903452546,
   "page": 2
  },
  {
   "ink_f1": 0.21480455406654297,
   "edge_score": 0.006560500488158545,
   "mean_edge_distance_px": 50.266883850097656,
   "score": 0.15233133799302762,
   "page": 3
  }
 ]
}