{
  "sample_id": "05_tables_simple_023",
  "mode": "visual",
  "model": "opus",
  "method": "claude opus agentic (visual, effort medium) [v3]",
  "claude_exit": 0,
  "cost_usd": 1.44313525,
  "num_turns": 33,
  "duration_s": 298,
  "is_error": false,
  "tool_calls": 32,
  "score_runs": 9,
  "baseline_overall": 0.3160506144901656,
  "final": {
    "compiled": true,
    "overall": 0.5741039150714513,
    "visual": 0.4556108024056125,
    "content": 0.8819442720039363,
    "pagination": 1.0,
    "layout": 0.5699748766024375,
    "typography": 0.6710790627182931,
    "raster": 0.2009046388335918,
    "pages": "3/3",
    "review_flags": [
      "content_visual_disagreement",
      "raster_layout_disagreement"
    ]
  }
}
