{
 "metric_version": "raster_v0.2",
 "raster_v1": 0.15229312617192084,
 "raster": 0.3105119665663581,
 "visual": 0.6144014692191655,
 "overall": 0.7048421225814526,
 "pages": [
  {
   "ink_f1": 0.11377618331088338,
   "edge_score": 0.023329575910580744,
   "mean_edge_distance_px": 37.5803337097168,
   "score": 0.08664220109079258,
   "page": 1
  },
  {
   "ink_f1": 0.5338800002825228,
   "edge_score": 0.1958108892959436,
   "mean_edge_distance_px": 16.30605936050415,
   "score": 0.432459266986549,
   "page": 2
  },
  {
   "ink_f1": 0.47290502938764234,
   "edge_score": 0.2713363701679437,
   "mean_edge_distance_px": 13.043960094451904,
   "score": 0.4124344316217327,
   "page": 3
  }
 ]
}