{
  "sample_id": "05_tables_simple_023",
  "mode": "novisual",
  "model": "opus",
  "method": "claude opus agentic (novisual, effort medium)",
  "claude_exit": 0,
  "cost_usd": 2.1590815,
  "num_turns": 59,
  "duration_s": 393,
  "is_error": false,
  "tool_calls": 58,
  "score_runs": 21,
  "baseline_overall": 0.3160506144901656,
  "final": {
    "compiled": true,
    "overall": 0.6134218374592976,
    "visual": 0.496172663811645,
    "content": 0.9096013923153029,
    "pagination": 1.0,
    "layout": 0.7942317520964549,
    "typography": 0.8021382463495302,
    "raster": 0.15229312617192084,
    "pages": "3/3",
    "review_flags": [
      "content_visual_disagreement",
      "raster_layout_disagreement"
    ]
  }
}
