{
 "metric_version": "raster_v0.2",
 "raster_v1": 0.3892634860641943,
 "raster": 0.6920672481762516,
 "visual": 0.8432844485678653,
 "overall": 0.885225936671822,
 "pages": [
  {
   "ink_f1": 0.6975129600446797,
   "edge_score": 0.6793605871499196,
   "mean_edge_distance_px": 3.866032361984253,
   "score": 0.6920672481762516,
   "page": 1
  }
 ]
}