{
  "sample_id": "07_figures_captions_007",
  "mode": "visual",
  "model": "opus",
  "method": "claude opus agentic (visual, effort medium)",
  "claude_exit": 0,
  "cost_usd": 0.5173212500000001,
  "num_turns": 16,
  "duration_s": 107,
  "is_error": false,
  "tool_calls": 15,
  "score_runs": 5,
  "baseline_overall": 0.38372040576890604,
  "final": {
    "compiled": true,
    "overall": 0.7912664053316584,
    "visual": 0.7095821836354234,
    "content": 0.9687300535179457,
    "pagination": 1.0,
    "layout": 0.9002275430114952,
    "typography": 0.9139941558192526,
    "raster": 0.3892634860641943,
    "pages": "1/1",
    "review_flags": [
      "content_visual_disagreement",
      "raster_layout_disagreement"
    ]
  }
}
