{
 "metric_version": "raster_v0.2",
 "raster_v1": 0.46261654086867476,
 "raster": 0.7603403759015191,
 "visual": 0.8700462289037563,
 "overall": 0.9014781586177644,
 "pages": [
  {
   "ink_f1": 0.7776212348028693,
   "edge_score": 0.7200183717983691,
   "mean_edge_distance_px": 3.284785509109497,
   "score": 0.7603403759015191,
   "page": 1
  }
 ]
}