{
  "sample_id": "07_figures_captions_007",
  "mode": "visual",
  "model": "opus",
  "method": "claude opus agentic (visual, effort medium) [v2]",
  "claude_exit": 0,
  "cost_usd": 0.78571625,
  "num_turns": 22,
  "duration_s": 154,
  "is_error": false,
  "tool_calls": 21,
  "score_runs": 7,
  "baseline_overall": 0.38372040576890604,
  "final": {
    "compiled": true,
    "overall": 0.818232572673716,
    "visual": 0.7495597541640484,
    "content": 0.9628954373800532,
    "pagination": 1.0,
    "layout": 0.9055892971302276,
    "typography": 0.9169317328465522,
    "raster": 0.46261654086867476,
    "pages": "1/1",
    "review_flags": [
      "raster_layout_disagreement"
    ]
  }
}
