{
 "metric_version": "raster_v0.2",
 "raster_v1": 0.3674518563653537,
 "raster": 0.6912571451335818,
 "visual": 0.8221181843051434,
 "overall": 0.8800418129379962,
 "pages": [
  {
   "ink_f1": 0.7125941261767368,
   "edge_score": 0.588971977007971,
   "mean_edge_distance_px": 5.293766736984253,
   "score": 0.6755074814261071,
   "page": 1
  },
  {
   "ink_f1": 0.7320299022578185,
   "edge_score": 0.6486195908686125,
   "mean_edge_distance_px": 4.329088807106018,
   "score": 0.7070068088410567,
   "page": 2
  }
 ]
}