{
  "sample_id": "05_tables_simple_005",
  "mode": "visual",
  "model": "opus",
  "method": "claude opus agentic (visual, effort medium) [v3]",
  "claude_exit": 0,
  "cost_usd": 1.7763455,
  "num_turns": 48,
  "duration_s": 308,
  "is_error": false,
  "tool_calls": 47,
  "score_runs": 16,
  "baseline_overall": 0.3350118062179044,
  "final": {
    "compiled": true,
    "overall": 0.7780144540602857,
    "visual": 0.680146547884912,
    "content": 0.9986590957896998,
    "pagination": 1.0,
    "layout": 0.8519728733337683,
    "typography": 0.9002441080732347,
    "raster": 0.3674518563653537,
    "pages": "2/2",
    "review_flags": [
      "content_visual_disagreement",
      "raster_layout_disagreement"
    ]
  }
}
