{
 "metric_version": "raster_v0.2",
 "raster_v1": 0.05704222392365588,
 "raster": 0.096098913283851,
 "visual": 0.24345306766630795,
 "overall": 0.3800617065660645,
 "pages": [
  {
   "ink_f1": 0.017159913476445177,
   "edge_score": 6.816293034549563e-13,
   "mean_edge_distance_px": 280.1429042816162,
   "score": 0.012011939433716113,
   "page": 1
  },
  {
   "ink_f1": 0.3819092148998215,
   "edge_score": 0.02982783329320635,
   "mean_edge_distance_px": 35.123133182525635,
   "score": 0.27628480041783693,
   "page": 2
  },
  {
   "ink_f1": 0.0,
   "edge_score": 0.0,
   "mean_edge_distance_px": 1584.0,
   "score": 0.0,
   "page": 3
  }
 ]
}