{
 "metric_version": "raster_v0.2",
 "raster_v1": 0.41955448488158686,
 "raster": 0.7290654448522124,
 "visual": 0.8559895902373508,
 "overall": 0.8919842976302486,
 "pages": [
  {
   "ink_f1": 0.7453408454816887,
   "edge_score": 0.6910895100501009,
   "mean_edge_distance_px": 3.694859266281128,
   "score": 0.7290654448522124,
   "page": 1
  }
 ]
}