{
  "sample_id": "07_figures_captions_007",
  "mode": "visual",
  "model": "opus",
  "method": "claude opus agentic (visual, effort medium) [v3]",
  "claude_exit": 0,
  "cost_usd": 0.6024755,
  "num_turns": 18,
  "duration_s": 115,
  "is_error": false,
  "tool_calls": 17,
  "score_runs": 5,
  "baseline_overall": 0.38372040576890604,
  "final": {
    "compiled": true,
    "overall": 0.8008689764352014,
    "visual": 0.7252287947959015,
    "content": 0.9628954373800532,
    "pagination": 1.0,
    "layout": 0.8999782251779623,
    "typography": 0.9114411666815181,
    "raster": 0.41955448488158686,
    "pages": "1/1",
    "review_flags": [
      "raster_layout_disagreement"
    ]
  }
}
