{
 "metric_version": "raster_v0.2",
 "raster_v1": 0.21723683020250217,
 "raster": 0.5105161892015133,
 "visual": 0.7675703404892482,
 "overall": 0.8325913391566715,
 "pages": [
  {
   "ink_f1": 0.401949333321723,
   "edge_score": 0.5405105891379538,
   "mean_edge_distance_px": 6.152410507202148,
   "score": 0.4435177100665922,
   "page": 1
  },
  {
   "ink_f1": 0.5987139948491647,
   "edge_score": 0.5280495731400642,
   "mean_edge_distance_px": 6.385651111602783,
   "score": 0.5775146683364345,
   "page": 2
  }
 ]
}