{
  "sample_id": "09_algorithms_003",
  "mode": "visual",
  "model": "opus",
  "method": "claude opus agentic (visual, effort high)",
  "claude_exit": 0,
  "cost_usd": 2.77139475,
  "num_turns": 59,
  "duration_s": 474,
  "is_error": false,
  "tool_calls": 58,
  "score_runs": 17,
  "baseline_overall": 0.3438513718429454,
  "final": {
    "compiled": true,
    "overall": 0.7048099993616961,
    "visual": 0.5940122023304778,
    "content": 0.968310145221895,
    "pagination": 1.0,
    "layout": 0.9162715731597167,
    "typography": 0.8700179649195899,
    "raster": 0.21723683020250217,
    "pages": "2/2",
    "review_flags": [
      "content_visual_disagreement",
      "raster_layout_disagreement"
    ]
  }
}
