{
 "metric_version": "raster_v0.2",
 "raster_v1": 0.20235303682103123,
 "raster": 0.4090275244676488,
 "visual": 0.6314202693863232,
 "overall": 0.7411862398451492,
 "pages": [
  {
   "ink_f1": 0.6228674822975729,
   "edge_score": 0.32916951966874236,
   "mean_edge_distance_px": 11.111824035644531,
   "score": 0.5347580935089237,
   "page": 1
  },
  {
   "ink_f1": 0.4003017956439432,
   "edge_score": 0.010285661585379068,
   "mean_edge_distance_px": 45.77004432678223,
   "score": 0.28329695542637395,
   "page": 2
  }
 ]
}