{
  "sample_id": "06_tables_moderate_010",
  "mode": "visual",
  "model": "opus",
  "method": "claude opus agentic (visual, effort medium)",
  "claude_exit": 0,
  "cost_usd": 2.6457070000000007,
  "num_turns": 60,
  "duration_s": 413,
  "is_error": false,
  "tool_calls": 59,
  "score_runs": 18,
  "baseline_overall": 0.3086678382041997,
  "final": {
    "compiled": true,
    "overall": 0.6461405553392324,
    "visual": 0.5112410015703011,
    "content": 0.9981616668414388,
    "pagination": 0.9800884955752212,
    "layout": 0.6923423496737776,
    "typography": 0.8085173693911409,
    "raster": 0.20235303682103123,
    "pages": "2/2",
    "review_flags": [
      "content_visual_disagreement",
      "raster_layout_disagreement"
    ]
  }
}
