{
 "metric_version": "raster_v0.2",
 "raster_v1": 0.13415081763015238,
 "raster": 0.2866384637222532,
 "visual": 0.6188070954763152,
 "overall": 0.7319377453377391,
 "pages": [
  {
   "ink_f1": 0.14011411713278296,
   "edge_score": 0.05255082193828356,
   "mean_edge_distance_px": 29.459745407104492,
   "score": 0.11384512857443313,
   "page": 1
  },
  {
   "ink_f1": 0.5708414260155149,
   "edge_score": 0.273607115120993,
   "mean_edge_distance_px": 12.960620880126953,
   "score": 0.48167113274715834,
   "page": 2
  },
  {
   "ink_f1": 0.31714495448499375,
   "edge_score": 0.14132553901890896,
   "mean_edge_distance_px": 19.566892623901367,
   "score": 0.2643991298451683,
   "page": 3
  }
 ]
}