{
  "sample_id": "05_tables_simple_023",
  "mode": "visual",
  "model": "opus",
  "method": "claude opus agentic (visual, effort high)",
  "claude_exit": 0,
  "cost_usd": 2.9166647500000003,
  "num_turns": 54,
  "duration_s": 577,
  "is_error": false,
  "tool_calls": 53,
  "score_runs": 13,
  "baseline_overall": 0.3160506144901656,
  "final": {
    "compiled": true,
    "overall": 0.6312110904977829,
    "visual": 0.4927571580449867,
    "content": 0.999757986447241,
    "pagination": 1.0,
    "layout": 0.8206711861366922,
    "typography": 0.8778824193187922,
    "raster": 0.13415081763015238,
    "pages": "3/3",
    "review_flags": [
      "content_visual_disagreement",
      "raster_layout_disagreement"
    ]
  }
}
