{
  "aggregate_score": null,
  "group_field": null,
  "groups": {
    "all": {
      "critical_inventories": {
        "citation": {
          "applicable_pairs": 25,
          "exact_pairs": 12,
          "exact_rate": 0.48
        },
        "number": {
          "applicable_pairs": 156,
          "exact_pairs": 0,
          "exact_rate": 0.0
        },
        "operator": {
          "applicable_pairs": 132,
          "exact_pairs": 35,
          "exact_rate": 0.26515151515151514
        }
      },
      "failed": 0,
      "metrics": {
        "baseline_displacement_q90": {
          "abstained_or_missing": 0,
          "count": 156,
          "direction": "lower_is_better_diagnostic",
          "max": 0.6919935471321104,
          "median": 0.16206796176988864,
          "min": 0.041552726668540874,
          "q10": 0.07569069203774798,
          "q90": 0.433939907564895
        },
        "block_transport_geometry_similarity": {
          "abstained_or_missing": 0,
          "count": 156,
          "direction": "higher_is_better_adaptation",
          "max": 0.8479237316559465,
          "median": 0.5054948062604331,
          "min": 0.3897669517051882,
          "q10": 0.4486260521280221,
          "q90": 0.6160879418516809
        },
        "canvas_exact_size_rate": {
          "abstained_or_missing": 0,
          "count": 156,
          "direction": "one_is_exact",
          "max": 1.0,
          "median": 0.0,
          "min": 0.0,
          "q10": 0.0,
          "q90": 0.0
        },
        "compatibility_word_f1": {
          "abstained_or_missing": 0,
          "count": 156,
          "direction": "higher_is_better",
          "max": 0.9917491749174917,
          "median": 0.8452226720647773,
          "min": 0.2233502538071066,
          "q10": 0.47929961089494166,
          "q90": 0.967128476970321
        },
        "font_size_log_error_q90": {
          "abstained_or_missing": 0,
          "count": 156,
          "direction": "lower_is_better_diagnostic",
          "max": 0.902332686024788,
          "median": 0.08327107371093964,
          "min": 0.008298008086413849,
          "q10": 0.03263290846377455,
          "q90": 0.4352636552078999
        },
        "page_break_f1": {
          "abstained_or_missing": 0,
          "count": 156,
          "direction": "higher_is_better",
          "max": 1.0,
          "median": 1.0,
          "min": 0.0,
          "q10": 0.0,
          "q90": 1.0
        },
        "page_count_delta": {
          "abstained_or_missing": 0,
          "count": 156,
          "direction": "zero_is_best",
          "max": 1.0,
          "median": 0.0,
          "min": -2.0,
          "q10": -1.0,
          "q90": 0.0
        },
        "reading_order_tau": {
          "abstained_or_missing": 0,
          "count": 156,
          "direction": "higher_is_better_conditional",
          "max": 1.0,
          "median": 0.9023809523809524,
          "min": -0.33333333333333326,
          "q10": 0.41111111111111115,
          "q90": 1.0
        },
        "strict_document_edit_similarity": {
          "abstained_or_missing": 0,
          "count": 156,
          "direction": "higher_is_better",
          "max": 0.9948717948717949,
          "median": 0.8470415663022667,
          "min": 0.3502090106827682,
          "q10": 0.5223386582028346,
          "q90": 0.9724030793806113
        },
        "strict_word_f1": {
          "abstained_or_missing": 0,
          "count": 156,
          "direction": "higher_is_better",
          "max": 0.9911111111111112,
          "median": 0.8212955465587044,
          "min": 0.1271782329562825,
          "q10": 0.44486109299595666,
          "q90": 0.9631307183621705
        },
        "style_coverage_hmean": {
          "abstained_or_missing": 0,
          "count": 156,
          "direction": "higher_is_better_diagnostic",
          "max": 0.9917491749174917,
          "median": 0.8452226720647773,
          "min": 0.2233502538071066,
          "q10": 0.47929961089494166,
          "q90": 0.967128476970321
        },
        "text_ltsim_page_macro": {
          "abstained_or_missing": 0,
          "count": 156,
          "direction": "higher_is_better",
          "max": 0.7815133846859061,
          "median": 0.7062206313433854,
          "min": 0.6397263319034301,
          "q10": 0.6729355730674709,
          "q90": 0.7439466745916912
        },
        "text_ltsim_worst_page": {
          "abstained_or_missing": 0,
          "count": 156,
          "direction": "higher_is_better",
          "max": 0.7815133846859061,
          "median": 0.6997042770797026,
          "min": 0.6397263319034301,
          "q10": 0.6661773821957356,
          "q90": 0.7435212812153286
        },
        "token_bbox_iou_q10": {
          "abstained_or_missing": 0,
          "count": 156,
          "direction": "higher_is_better",
          "max": 0.0,
          "median": 0.0,
          "min": 0.0,
          "q10": 0.0,
          "q90": 0.0
        },
        "token_center_displacement_q90": {
          "abstained_or_missing": 0,
          "count": 156,
          "direction": "lower_is_better",
          "max": 0.8248421124897454,
          "median": 0.29607588263772444,
          "min": 0.07149259344342596,
          "q10": 0.1573944564142987,
          "q90": 0.5503428336255503
        },
        "unregistered_ink_f1": {
          "abstained_or_missing": 0,
          "count": 156,
          "direction": "higher_is_better_raster_diagnostic",
          "max": 0.5643940571584022,
          "median": 0.1612167929508176,
          "min": 0.0,
          "q10": 0.05960112608322542,
          "q90": 0.30800963933846837
        },
        "unregistered_multiscale_ssim_diagnostic": {
          "abstained_or_missing": 154,
          "count": 2,
          "direction": "higher_is_better_raster_diagnostic",
          "max": 0.8618524807440007,
          "median": 0.8084032323509749,
          "min": 0.7549539839579492,
          "q10": 0.7656438336365543,
          "q90": 0.8511626310653956
        },
        "unregistered_ssim": {
          "abstained_or_missing": 154,
          "count": 2,
          "direction": "higher_is_better_raster_diagnostic",
          "max": 0.778569432011137,
          "median": 0.6685235631014315,
          "min": 0.558477694191726,
          "q10": 0.5804868679736671,
          "q90": 0.7565602582291959
        }
      },
      "page_count_exact_rate": 0.8269230769230769,
      "pairs": 156,
      "scored": 156,
      "specialized_status_counts": {
        "figure": {
          "abstain": 156
        },
        "formula": {
          "abstain": 156
        },
        "table": {
          "abstain": 156
        }
      },
      "ssim_scored_pairs": 2
    }
  },
  "source": "results/metric_research_v2/gemini_frozen_156/metric_v2_scores.csv",
  "summarizer": "summarize_metric_v2_scores"
}
