{
 "metric_version": "raster_v0.2",
 "raster_v1": 0.49105236574906763,
 "raster": 0.8114684078830189,
 "visual": 0.910816039958163,
 "overall": 0.9410873497727784,
 "pages": [
  {
   "ink_f1": 0.8065527310958588,
   "edge_score": 0.8029962126527215,
   "mean_edge_distance_px": 2.194052815437317,
   "score": 0.8054857755629174,
   "page": 1
  },
  {
   "ink_f1": 0.8195265553366136,
   "edge_score": 0.8126081715583032,
   "mean_edge_distance_px": 2.075062394142151,
   "score": 0.8174510402031203,
   "page": 2
  }
 ]
}