{
  "sample_id": "05_tables_simple_005",
  "mode": "novisual",
  "model": "opus",
  "method": "claude opus agentic (novisual, effort high)",
  "claude_exit": 0,
  "cost_usd": 2.8819102500000007,
  "num_turns": 59,
  "duration_s": 567,
  "is_error": false,
  "tool_calls": 58,
  "score_runs": 20,
  "baseline_overall": 0.3350118062179044,
  "final": {
    "compiled": true,
    "overall": 0.8532806415861313,
    "visual": 0.783407143813034,
    "content": 1.0,
    "pagination": 1.0,
    "layout": 0.9613682755302309,
    "typography": 0.9278256035939564,
    "raster": 0.49105236574906763,
    "pages": "2/2",
    "review_flags": [
      "raster_layout_disagreement"
    ]
  }
}
