{
 "metric_version": "raster_v0.2",
 "raster_v1": 0.11743989414413007,
 "raster": 0.21055487201457965,
 "visual": 0.47306879828522613,
 "overall": 0.5895860175424511,
 "pages": [
  {
   "ink_f1": 0.06009121920385755,
   "edge_score": 0.003195044051257917,
   "mean_edge_distance_px": 57.461544036865234,
   "score": 0.04302236665807766,
   "page": 1
  },
  {
   "ink_f1": 0.37607892799382825,
   "edge_score": 0.0023992057802638815,
   "mean_edge_distance_px": 60.32617521286011,
   "score": 0.2639750113297589,
   "page": 2
  },
  {
   "ink_f1": 0.4580141396784198,
   "edge_score": 0.013524467603361373,
   "mean_edge_distance_px": 43.03254818916321,
   "score": 0.32466723805590225,
   "page": 3
  }
 ]
}