{
  "sample_id": "05_tables_simple_021",
  "mode": "novisual",
  "model": "opus",
  "method": "claude opus agentic (novisual, effort medium)",
  "claude_exit": 0,
  "cost_usd": 0.84493325,
  "num_turns": 19,
  "duration_s": 164,
  "is_error": false,
  "tool_calls": 18,
  "score_runs": 5,
  "baseline_overall": 0.3610666716698761,
  "final": {
    "compiled": true,
    "overall": 0.5261444514300294,
    "visual": 0.3970629926428281,
    "content": 0.8874267315825979,
    "pagination": 0.9989010989010989,
    "layout": 0.5688738352280347,
    "typography": 0.7581941284396991,
    "raster": 0.11743989414413007,
    "pages": "3/3",
    "review_flags": [
      "content_visual_disagreement",
      "raster_layout_disagreement"
    ]
  }
}
