{
 "metric_version": "raster_v0.2",
 "raster_v1": 0.05973697227542879,
 "raster": 0.10118641242704517,
 "visual": 0.2477101143917166,
 "overall": 0.38352922285682167,
 "pages": [
  {
   "ink_f1": 0.006576570408824064,
   "edge_score": 2.847485633350104e-13,
   "mean_edge_distance_px": 288.8716983795166,
   "score": 0.00460359928626227,
   "page": 1
  },
  {
   "ink_f1": 0.4176571977948343,
   "edge_score": 0.021985331794964195,
   "mean_edge_distance_px": 38.173797845840454,
   "score": 0.29895563799487324,
   "page": 2
  },
  {
   "ink_f1": 0.0,
   "edge_score": 0.0,
   "mean_edge_distance_px": 1584.0,
   "score": 0.0,
   "page": 3
  }
 ]
}