{
  "sample_id": "05_tables_simple_005",
  "mode": "1turn",
  "model": "sonnet",
  "method": "claude sonnet 1-turn (effort low)",
  "claude_exit": 0,
  "cost_usd": 0.10298025000000001,
  "duration_s": 44,
  "final": {
    "compiled": true,
    "overall": 0.34607247359639204,
    "visual": 0.211485230278866,
    "content": 0.8637455017329987,
    "pagination": 0.5246806039488966,
    "layout": 0.24776229082597587,
    "typography": 0.6516546241324623,
    "raster": 0.05973697227542879,
    "pages": "2/3",
    "review_flags": [
      "page_count_mismatch",
      "content_visual_disagreement"
    ]
  }
}
