{
 "metric_version": "raster_v0.2",
 "raster_v1": 0.051959907824917745,
 "raster": 0.07670630295805715,
 "visual": 0.28244119854888383,
 "overall": 0.4243581861737783,
 "pages": [
  {
   "ink_f1": 0.14133224124846308,
   "edge_score": 1.3810919216324785e-05,
   "mean_edge_distance_px": 111.90051031112671,
   "score": 0.09893671214968905,
   "page": 1
  },
  {
   "ink_f1": 0.07782269758415607,
   "edge_score": 1.8191720031546923e-08,
   "mean_edge_distance_px": 178.2229928970337,
   "score": 0.054475893766425254,
   "page": 2
  }
 ]
}