{
  "sample_id": "09_algorithms_003",
  "mode": "1turn",
  "model": "sonnet",
  "method": "claude sonnet 1-turn (effort low)",
  "claude_exit": 0,
  "cost_usd": 0.0639865,
  "duration_s": 23,
  "final": {
    "compiled": true,
    "overall": 0.3933198473688676,
    "visual": 0.2512923350809179,
    "content": 0.9038240025420531,
    "pagination": 0.7824561403508772,
    "layout": 0.3441568046021288,
    "typography": 0.8075156143196626,
    "raster": 0.051959907824917745,
    "pages": "2/2",
    "review_flags": [
      "content_visual_disagreement",
      "raster_layout_disagreement"
    ]
  }
}
