{
 "metric_version": "raster_v0.2",
 "raster_v1": 0.2585818980481659,
 "raster": 0.47556051434504387,
 "visual": 0.7210710943888828,
 "overall": 0.8029055502721294,
 "pages": [
  {
   "ink_f1": 0.7535437688137077,
   "edge_score": 0.66797113317667,
   "mean_edge_distance_px": 4.03510320186615,
   "score": 0.7278719781225963,
   "page": 1
  },
  {
   "ink_f1": 0.30964617604682926,
   "edge_score": 0.021655757782369778,
   "mean_edge_distance_px": 38.32483911514282,
   "score": 0.2232490505674914,
   "page": 2
  }
 ]
}