{
  "sample_id": "06_tables_moderate_010",
  "mode": "novisual",
  "model": "opus",
  "method": "claude opus agentic (novisual, effort high)",
  "claude_exit": 0,
  "cost_usd": 2.6044772500000004,
  "num_turns": 65,
  "duration_s": 429,
  "is_error": false,
  "tool_calls": 64,
  "score_runs": 21,
  "baseline_overall": 0.3086678382041997,
  "final": {
    "compiled": true,
    "overall": 0.7129613129649192,
    "visual": 0.6006144624947108,
    "content": 0.9803196899802298,
    "pagination": 1.0,
    "layout": 0.8362219682863793,
    "typography": 0.850038515482226,
    "raster": 0.2585818980481659,
    "pages": "2/2",
    "review_flags": [
      "content_visual_disagreement",
      "raster_layout_disagreement"
    ]
  }
}
