{
 "metric_version": "raster_v0.2",
 "raster_v1": 0.18883348062237465,
 "raster": 0.3714956989812481,
 "visual": 0.678537998414798,
 "overall": 0.7669656395473965,
 "pages": [
  {
   "ink_f1": 0.41966594291226006,
   "edge_score": 0.25909846314222024,
   "mean_edge_distance_px": 13.505471229553223,
   "score": 0.3714956989812481,
   "page": 1
  }
 ]
}