{
  "sample_id": "07_figures_captions_007",
  "mode": "visual",
  "model": "sonnet",
  "method": "claude sonnet agentic (visual, effort low)",
  "claude_exit": 0,
  "cost_usd": 2.1653952999999992,
  "num_turns": 80,
  "duration_s": 885,
  "is_error": false,
  "tool_calls": 79,
  "score_runs": 29,
  "baseline_overall": 0.38372040576890604,
  "final": {
    "compiled": true,
    "overall": 0.6721563770953135,
    "visual": 0.5538749652660117,
    "content": 0.9628954373800532,
    "pagination": 1.0,
    "layout": 0.8349115786762351,
    "typography": 0.9112954749267209,
    "raster": 0.18883348062237465,
    "pages": "1/1",
    "review_flags": [
      "content_visual_disagreement",
      "raster_layout_disagreement"
    ]
  }
}
