{
 "metric_version": "raster_v0.2",
 "raster_v1": 0.0911299540600311,
 "raster": 0.1594144947288421,
 "visual": 0.4152682639420829,
 "overall": 0.5419160032373861,
 "pages": [
  {
   "ink_f1": 0.07441442212465862,
   "edge_score": 0.0649856941492413,
   "mean_edge_distance_px": 27.335881233215332,
   "score": 0.07158580373203342,
   "page": 1
  },
  {
   "ink_f1": 0.35611236242177097,
   "edge_score": 0.001382058185966597,
   "mean_edge_distance_px": 65.84181451797485,
   "score": 0.24969327115102963,
   "page": 2
  },
  {
   "ink_f1": 0.22423436489960955,
   "edge_score": 1.1795791218642623e-06,
   "mean_edge_distance_px": 136.5035285949707,
   "score": 0.15696440930346323,
   "page": 3
  }
 ]
}