{
  "sample_id": "05_tables_simple_021",
  "mode": "visual",
  "model": "sonnet",
  "method": "claude sonnet agentic (visual, effort low)",
  "claude_exit": 0,
  "cost_usd": 1.4220621000000002,
  "num_turns": 59,
  "duration_s": 506,
  "is_error": false,
  "tool_calls": 58,
  "score_runs": 14,
  "baseline_overall": 0.3610666716698761,
  "final": {
    "compiled": true,
    "overall": 0.4859291791559762,
    "visual": 0.351130654155256,
    "content": 0.8884309848907264,
    "pagination": 0.9989010989010989,
    "layout": 0.5215774148867027,
    "typography": 0.7135973037769359,
    "raster": 0.0911299540600311,
    "pages": "3/3",
    "review_flags": [
      "content_visual_disagreement",
      "raster_layout_disagreement"
    ]
  }
}
