{
 "metric_version": "raster_v0.2",
 "raster_v1": 0.12133204524939946,
 "raster": 0.257219056522793,
 "visual": 0.4335109101941318,
 "overall": 0.560572199504595,
 "pages": [
  {
   "ink_f1": 0.19886971084659377,
   "edge_score": 0.15653906968240688,
   "mean_edge_distance_px": 18.544496536254883,
   "score": 0.18617051849733768,
   "page": 1
  },
  {
   "ink_f1": 0.41932734238458075,
   "edge_score": 0.20772693658935373,
   "mean_edge_distance_px": 15.715308666229248,
   "score": 0.35584722064601265,
   "page": 2
  },
  {
   "ink_f1": 0.32481924375354615,
   "edge_score": 0.007553199325154547,
   "mean_edge_distance_px": 48.8578405380249,
   "score": 0.22963943042502866,
   "page": 3
  }
 ]
}