{
  "sample_id": "05_tables_simple_021",
  "mode": "visual",
  "model": "opus",
  "method": "claude opus agentic (visual, effort medium) [v2]",
  "claude_exit": 0,
  "cost_usd": 0.7638454999999998,
  "num_turns": 16,
  "duration_s": 180,
  "is_error": false,
  "tool_calls": 15,
  "score_runs": 4,
  "baseline_overall": 0.3610666716698761,
  "final": {
    "compiled": true,
    "overall": 0.48416976951951834,
    "visual": 0.34602043288319667,
    "content": 0.9035397085202445,
    "pagination": 0.9473684210526315,
    "layout": 0.42917859788187807,
    "typography": 0.6546510709552896,
    "raster": 0.12133204524939946,
    "pages": "3/3",
    "review_flags": [
      "content_visual_disagreement",
      "raster_layout_disagreement"
    ]
  }
}
