{
 "metric_version": "raster_v0.2",
 "raster_v1": 0.07764216896934698,
 "raster": 0.19037843598449194,
 "visual": 0.5482683222181091,
 "overall": 0.6662884002536075,
 "pages": [
  {
   "ink_f1": 0.21490650665681127,
   "edge_score": 0.13314627108241361,
   "mean_edge_distance_px": 20.16306972503662,
   "score": 0.19037843598449194,
   "page": 1
  }
 ]
}