{
  "sample_id": "07_figures_captions_007",
  "mode": "novisual",
  "model": "opus",
  "method": "claude opus agentic (novisual, effort medium)",
  "claude_exit": 0,
  "cost_usd": 0.38652725000000004,
  "num_turns": 11,
  "duration_s": 85,
  "is_error": false,
  "tool_calls": 10,
  "score_runs": 3,
  "baseline_overall": 0.38372040576890604,
  "final": {
    "compiled": true,
    "overall": 0.5593785822141021,
    "visual": 0.41892581702494314,
    "content": 0.956984412470024,
    "pagination": 1.0,
    "layout": 0.8058935850321585,
    "typography": 0.9182982157014319,
    "raster": 0.07764216896934698,
    "pages": "1/1",
    "review_flags": [
      "content_visual_disagreement",
      "raster_layout_disagreement"
    ]
  }
}
