{
 "metric_version": "raster_v0.2",
 "raster_v1": 0.10268200629485032,
 "raster": 0.2036054994666929,
 "visual": 0.5207182931743524,
 "overall": 0.5921431132850684,
 "pages": [
  {
   "ink_f1": 0.27439852005280074,
   "edge_score": 0.03842178476577461,
   "mean_edge_distance_px": 32.59130668640137,
   "score": 0.2036054994666929,
   "page": 1
  }
 ]
}