{
 "metric_version": "raster_v0.2",
 "raster_v1": 0.37243962406892456,
 "raster": 0.6792458051438924,
 "visual": 0.8346270741646009,
 "overall": 0.8791746825166529,
 "pages": [
  {
   "ink_f1": 0.7261757967246868,
   "edge_score": 0.7479661822594803,
   "mean_edge_distance_px": 2.9039751291275024,
   "score": 0.7327129123851248,
   "page": 1
  },
  {
   "ink_f1": 0.6456157586741461,
   "edge_score": 0.5794922227691928,
   "mean_edge_distance_px": 5.456030368804932,
   "score": 0.62577869790266,
   "page": 2
  }
 ]
}