{
  "sample_id": "09_algorithms_003",
  "mode": "visual",
  "model": "opus",
  "method": "claude opus agentic (visual, effort medium)",
  "claude_exit": 0,
  "cost_usd": 0.99660575,
  "num_turns": 28,
  "duration_s": 180,
  "is_error": false,
  "tool_calls": 27,
  "score_runs": 8,
  "baseline_overall": 0.3438513718429454,
  "final": {
    "compiled": true,
    "overall": 0.7819622933021155,
    "visual": 0.6969492304752898,
    "content": 0.968310145221895,
    "pagination": 1.0,
    "layout": 0.920195785623089,
    "typography": 0.8544003454566741,
    "raster": 0.37243962406892456,
    "pages": "2/2",
    "review_flags": [
      "content_visual_disagreement",
      "raster_layout_disagreement"
    ]
  }
}
