{
 "metric_version": "raster_v0.2",
 "raster_v1": 0.093293141555303,
 "raster": 0.16913622650612792,
 "visual": 0.49093922449259225,
 "overall": 0.6183387510460013,
 "pages": [
  {
   "ink_f1": 0.16161563808666848,
   "edge_score": 0.01160468350596593,
   "mean_edge_distance_px": 44.5634651184082,
   "score": 0.1166123517124577,
   "page": 1
  },
  {
   "ink_f1": 0.2866436902689353,
   "edge_score": 0.07003172703847797,
   "mean_edge_distance_px": 26.588068962097168,
   "score": 0.2216601012997981,
   "page": 2
  }
 ]
}