{
 "01_prose_sections_001": {
  "metric_version": "raster_v0.2",
  "raster_v1": 0.08455974437524785,
  "raster": 0.1476764630291671,
  "visual": 0.4543837722576699,
  "overall": 0.5859017132999584
 },
 "01_prose_sections_014": {
  "metric_version": "raster_v0.2",
  "raster_v1": 0.0946343390480013,
  "raster": 0.1963140023061056,
  "visual": 0.47687991913591754,
  "overall": 0.611619312924967
 },
 "02_lists_formatting_025": {
  "metric_version": "raster_v0.2",
  "raster_v1": 0.05481072558858811,
  "raster": 0.09406521068401576,
  "visual": 0.407645692589224,
  "overall": 0.5530963499965607
 },
 "02_lists_formatting_026": {
  "metric_version": "raster_v0.2",
  "raster_v1": 0.09274254382024183,
  "raster": 0.1721933219091461,
  "visual": 0.48609617302072283,
  "overall": 0.614887512348637
 },
 "02_lists_formatting_024": {
  "metric_version": "raster_v0.2",
  "raster_v1": 0.13284547321195414,
  "raster": 0.2817603104033967,
  "visual": 0.5361692148528906,
  "overall": 0.659170027085566
 },
 "03_math_inline_display_004": {
  "metric_version": "raster_v0.2",
  "raster_v1": 0.06073676035267269,
  "raster": 0.10711145366333051,
  "visual": 0.40605433261162144,
  "overall": 0.5027080486836347
 },
 "04_math_aligned_014": {
  "metric_version": "raster_v0.2",
  "raster_v1": 0.06496444071053233,
  "raster": 0.11184732850270225,
  "visual": 0.35090380229872964,
  "overall": 0.4661289892283804
 },
 "04_math_aligned_008": {
  "metric_version": "raster_v0.2",
  "raster_v1": 0.08473570502566831,
  "raster": 0.16218350341446772,
  "visual": 0.46610581309778953,
  "overall": 0.574213093533847
 },
 "05_tables_simple_023": {
  "metric_version": "raster_v0.2",
  "raster_v1": 0.034174922713906174,
  "raster": 0.04773013429704482,
  "visual": 0.2065013692734814,
  "overall": 0.33732477280392775
 },
 "05_tables_simple_005": {
  "metric_version": "raster_v0.2",
  "raster_v1": 0.054562694106662306,
  "raster": 0.095295922823241,
  "visual": 0.23699448898689185,
  "overall": 0.37349511207893393
 },
 "05_tables_simple_021": {
  "metric_version": "raster_v0.2",
  "raster_v1": 0.08048935159978016,
  "raster": 0.15941263791909793,
  "visual": 0.28268923295366694,
  "overall": 0.41253456723385745
 },
 "06_tables_moderate_010": {
  "metric_version": "raster_v0.2",
  "raster_v1": 0.03580853605749814,
  "raster": 0.04566543171811888,
  "visual": 0.19494222270994524,
  "overall": 0.32365593526283815
 },
 "06_tables_moderate_032": {
  "metric_version": "raster_v0.2",
  "raster_v1": 0.0615588351690193,
  "raster": 0.112438133255238,
  "visual": 0.4153142477411537,
  "overall": 0.5591959829903895
 },
 "06_tables_moderate_018": {
  "metric_version": "raster_v0.2",
  "raster_v1": 0.13597640362024507,
  "raster": 0.2922371966603823,
  "visual": 0.5889540801572221,
  "overall": 0.7053924029965679
 },
 "07_figures_captions_001": {
  "metric_version": "raster_v0.2",
  "raster_v1": 0.023521650209906264,
  "raster": 0.029280272912947488,
  "visual": 0.2732712379497289,
  "overall": 0.41613699841985596
 },
 "07_figures_captions_007": {
  "metric_version": "raster_v0.2",
  "raster_v1": 0.025774407637859317,
  "raster": 0.03619308336636926,
  "visual": 0.2828718993877909,
  "overall": 0.4099822822055399
 },
 "07_figures_captions_003": {
  "metric_version": "raster_v0.2",
  "raster_v1": 0.05404045170138569,
  "raster": 0.08111681749580744,
  "visual": 0.3772851227478793,
  "overall": 0.5233828435269926
 },
 "08_crossrefs_citations_012": {
  "metric_version": "raster_v0.2",
  "raster_v1": 0.19002900040576515,
  "raster": 0.41482750895443804,
  "visual": 0.6061736380206839,
  "overall": 0.7176944497620736
 },
 "08_crossrefs_citations_013": {
  "metric_version": "raster_v0.2",
  "raster_v1": 0.11705599078300373,
  "raster": 0.28095101212667545,
  "visual": 0.5604459908648908,
  "overall": 0.6818957843615405
 },
 "08_crossrefs_citations_008": {
  "metric_version": "raster_v0.2",
  "raster_v1": 0.17034660849625463,
  "raster": 0.3646668150381619,
  "visual": 0.5809678481958286,
  "overall": 0.69175695037327
 },
 "09_algorithms_021": {
  "metric_version": "raster_v0.2",
  "raster_v1": 0.18398258910805676,
  "raster": 0.3488953645030246,
  "visual": 0.561225086765767,
  "overall": 0.6169075772580632
 },
 "09_algorithms_005": {
  "metric_version": "raster_v0.2",
  "raster_v1": 0.13352779714302473,
  "raster": 0.2686552161550439,
  "visual": 0.5188615829858286,
  "overall": 0.5902986417122029
 },
 "09_algorithms_003": {
  "metric_version": "raster_v0.2",
  "raster_v1": 0.04055962479030597,
  "raster": 0.05517131127556101,
  "visual": 0.23620433010351458,
  "overall": 0.365112363992308
 },
 "10_compact_papers_015": {
  "metric_version": "raster_v0.2",
  "raster_v1": 0.23180602932469446,
  "raster": 0.49462655030987923,
  "visual": 0.6091636381234818,
  "overall": 0.7183185643061057
 },
 "11_forms_cv_letters_007": {
  "metric_version": "raster_v0.2",
  "raster_v1": 0.038941113652547044,
  "raster": 0.05325048117810646,
  "visual": 0.3131486930964216,
  "overall": 0.46540970239309576
 },
 "11_forms_cv_letters_010": {
  "metric_version": "raster_v0.2",
  "raster_v1": 0.12469469606334474,
  "raster": 0.18692495341234722,
  "visual": 0.45660886122931355,
  "overall": 0.593967465490703
 },
 "11_forms_cv_letters_002": {
  "metric_version": "raster_v0.2",
  "raster_v1": 0.06961062558281884,
  "raster": 0.1325727754992284,
  "visual": 0.40476498939983246,
  "overall": 0.5255852426341387
 }
}