{
 "metric_version": "raster_v0.2",
 "raster_v1": 0.27201170903135874,
 "raster": 0.5615566922675514,
 "visual": 0.719608500741908,
 "overall": 0.8068750830734811,
 "pages": [
  {
   "ink_f1": 0.663396802707843,
   "edge_score": 0.5087933199495479,
   "mean_edge_distance_px": 6.757133960723877,
   "score": 0.6170157578803543,
   "page": 1
  },
  {
   "ink_f1": 0.6562540669192242,
   "edge_score": 0.15573259937097264,
   "mean_edge_distance_px": 18.59614849090576,
   "score": 0.5060976266547487,
   "page": 2
  }
 ]
}