{
  "sample_id": "05_tables_simple_005",
  "mode": "visual",
  "model": "sonnet",
  "method": "claude sonnet agentic (visual, effort low)",
  "claude_exit": 0,
  "cost_usd": 0.7241802,
  "num_turns": 35,
  "duration_s": 321,
  "is_error": false,
  "tool_calls": 34,
  "score_runs": 10,
  "baseline_overall": 0.3350118062179044,
  "final": {
    "compiled": true,
    "overall": 0.7005177316856245,
    "visual": 0.5789678959869018,
    "content": 0.9979870631464693,
    "pagination": 1.0,
    "layout": 0.7241042375018999,
    "typography": 0.8745584418473151,
    "raster": 0.27201170903135874,
    "pages": "2/2",
    "review_flags": [
      "content_visual_disagreement",
      "raster_layout_disagreement"
    ]
  }
}
