{
 "metric_version": "raster_v0.2",
 "raster_v1": 0.1480410977535794,
 "raster": 0.2688780333832923,
 "visual": 0.4918629990955079,
 "overall": 0.614131542579076,
 "pages": [
  {
   "ink_f1": 0.48910023739703484,
   "edge_score": 0.20627964327217388,
   "mean_edge_distance_px": 15.78522539138794,
   "score": 0.4042540591595765,
   "page": 1
  },
  {
   "ink_f1": 0.36673019503085524,
   "edge_score": 0.0002853100456138678,
   "mean_edge_distance_px": 81.61934089660645,
   "score": 0.2567967295352828,
   "page": 2
  },
  {
   "ink_f1": 0.20797459555887582,
   "edge_score": 3.6485460148715903e-06,
   "mean_edge_distance_px": 125.2118182182312,
   "score": 0.14558331145501752,
   "page": 3
  }
 ]
}