{
 "metric_version": "raster_v0.2",
 "raster_v1": 0.07661326847415283,
 "raster": 0.14923366963345397,
 "visual": 0.4121224078099937,
 "overall": 0.5201703249458272,
 "pages": [
  {
   "ink_f1": 0.3556036725375693,
   "edge_score": 0.1651492283020315,
   "mean_edge_distance_px": 18.009057998657227,
   "score": 0.29846733926690794,
   "page": 1
  },
  {
   "ink_f1": 0.0,
   "edge_score": 0.0,
   "mean_edge_distance_px": 1584.0,
   "score": 0.0,
   "page": 2
  }
 ]
}