{
 "metric_version": "raster_v0.2",
 "raster_v1": 0.2693981655196849,
 "raster": 0.5204225006504485,
 "visual": 0.6816257986178345,
 "overall": 0.747770858049206,
 "pages": [
  {
   "ink_f1": 0.39387585241641937,
   "edge_score": 0.25070378618895767,
   "mean_edge_distance_px": 13.834831714630127,
   "score": 0.35092423254818084,
   "page": 1
  },
  {
   "ink_f1": 0.4574688009123979,
   "edge_score": 0.30393151783582084,
   "mean_edge_distance_px": 11.909528732299805,
   "score": 0.4114076159894247,
   "page": 2
  },
  {
   "ink_f1": 0.839218957606862,
   "edge_score": 0.7049412769631216,
   "mean_edge_distance_px": 3.4964077472686768,
   "score": 0.79893565341374,
   "page": 3
  }
 ]
}