{
  "sample_id": "05_tables_simple_021",
  "mode": "visual",
  "model": "opus",
  "method": "claude opus agentic (visual, effort medium) [v3]",
  "claude_exit": 0,
  "cost_usd": 2.01471125,
  "num_turns": 43,
  "duration_s": 345,
  "is_error": false,
  "tool_calls": 42,
  "score_runs": 14,
  "baseline_overall": 0.3610666716698761,
  "final": {
    "compiled": true,
    "overall": 0.6576670093959941,
    "visual": 0.5594452492194214,
    "content": 0.8881115025416715,
    "pagination": 0.9988970588235293,
    "layout": 0.7115357432620072,
    "typography": 0.7745370375521701,
    "raster": 0.2693981655196849,
    "pages": "3/3",
    "review_flags": [
      "content_visual_disagreement",
      "raster_layout_disagreement"
    ]
  }
}
