{
 "metric_version": "raster_v0.2",
 "raster_v1": 0.04704727006092362,
 "raster": 0.0731714064199288,
 "visual": 0.2397819392031027,
 "overall": 0.3901204131020285,
 "pages": [
  {
   "ink_f1": 0.010490506662096914,
   "edge_score": 1.0694919076876328e-12,
   "mean_edge_distance_px": 275.6383743286133,
   "score": 0.007343354663788687,
   "page": 1
  },
  {
   "ink_f1": 0.29760412874694975,
   "edge_score": 0.012826581577109688,
   "mean_edge_distance_px": 43.562355756759644,
   "score": 0.2121708645959977,
   "page": 2
  },
  {
   "ink_f1": 0.0,
   "edge_score": 0.0,
   "mean_edge_distance_px": 1584.0,
   "score": 0.0,
   "page": 3
  }
 ]
}