{
  "sample_id": "06_tables_moderate_010",
  "mode": "1turn",
  "model": "sonnet",
  "method": "claude sonnet 1-turn (effort low)",
  "claude_exit": 0,
  "cost_usd": 0.18413675,
  "duration_s": 47,
  "final": {
    "compiled": true,
    "overall": 0.35792852887983273,
    "visual": 0.21002663578789282,
    "content": 0.9633090308658017,
    "pagination": 0.47905604719764006,
    "layout": 0.2608890315265263,
    "typography": 0.8500910275963008,
    "raster": 0.04704727006092362,
    "pages": "2/3",
    "review_flags": [
      "page_count_mismatch",
      "content_visual_disagreement"
    ]
  }
}
