{
 "metric_version": "raster_v0.2",
 "raster_v1": 0.061296483416354484,
 "raster": 0.10146200898240698,
 "visual": 0.3191567185891657,
 "overall": 0.46599813824067404,
 "pages": [
  {
   "ink_f1": 0.13606573725452603,
   "edge_score": 1.5799276990246575e-05,
   "mean_edge_distance_px": 110.55546379089355,
   "score": 0.09525075586126529,
   "page": 1
  },
  {
   "ink_f1": 0.15381891474183065,
   "edge_score": 7.261422403301757e-08,
   "mean_edge_distance_px": 164.38105010986328,
   "score": 0.10767326210354866,
   "page": 2
  }
 ]
}