{
 "metric_version": "raster_v0.2",
 "raster_v1": 0.10701791656857614,
 "raster": 0.21562216304003087,
 "visual": 0.5201184356494598,
 "overall": 0.6368382863583771,
 "pages": [
  {
   "ink_f1": 0.14535351298539442,
   "edge_score": 0.05847283669104712,
   "mean_edge_distance_px": 28.391929626464844,
   "score": 0.11928931009709022,
   "page": 1
  },
  {
   "ink_f1": 0.47644025257308864,
   "edge_score": 0.11107524374321043,
   "mean_edge_distance_px": 21.97547435760498,
   "score": 0.3668307499241251,
   "page": 2
  },
  {
   "ink_f1": 0.22274460587427472,
   "edge_score": 0.016084016622949657,
   "mean_edge_distance_px": 41.29929256439209,
   "score": 0.1607464290988772,
   "page": 3
  }
 ]
}