{
  "sample_id": "05_tables_simple_023",
  "mode": "novisual",
  "model": "opus",
  "method": "claude opus agentic (novisual, effort high)",
  "claude_exit": 0,
  "cost_usd": 1.2872914999999998,
  "num_turns": 20,
  "duration_s": 331,
  "is_error": false,
  "tool_calls": 19,
  "score_runs": 6,
  "baseline_overall": 0.3160506144901656,
  "final": {
    "compiled": true,
    "overall": 0.5555241816455971,
    "visual": 0.4215326082199444,
    "content": 0.927517284721,
    "pagination": 1.0,
    "layout": 0.6654267491973681,
    "typography": 0.8585599602679919,
    "raster": 0.10701791656857614,
    "pages": "3/3",
    "review_flags": [
      "content_visual_disagreement",
      "raster_layout_disagreement"
    ]
  }
}
