{
 "metric_version": "raster_v0.2",
 "raster_v1": 0.36348087658052297,
 "raster": 0.6271983284479047,
 "visual": 0.8176161858334579,
 "overall": 0.867505965925461,
 "pages": [
  {
   "ink_f1": 0.8136868435143098,
   "edge_score": 0.7859545304336664,
   "mean_edge_distance_px": 2.4085633754730225,
   "score": 0.8053671495901167,
   "page": 1
  },
  {
   "ink_f1": 0.45009726109591247,
   "edge_score": 0.44653808179517995,
   "mean_edge_distance_px": 8.062305927276611,
   "score": 0.4490295073056927,
   "page": 2
  }
 ]
}