{
  "sample_id": "09_algorithms_003",
  "mode": "visual",
  "model": "opus",
  "method": "claude opus agentic (visual, effort medium) [v3]",
  "claude_exit": 0,
  "cost_usd": 0.58773325,
  "num_turns": 16,
  "duration_s": 102,
  "is_error": false,
  "tool_calls": 15,
  "score_runs": 4,
  "baseline_overall": 0.3438513718429454,
  "final": {
    "compiled": true,
    "overall": 0.7799601635734584,
    "visual": 0.6941806163649125,
    "content": 0.9683753746253747,
    "pagination": 1.0,
    "layout": 0.9186765315103922,
    "typography": 0.8715951786464636,
    "raster": 0.36348087658052297,
    "pages": "2/2",
    "review_flags": [
      "content_visual_disagreement",
      "raster_layout_disagreement"
    ]
  }
}
